,Player,Pos,Age,G,GS,MP,ORtg,DRtg,OBPM,DBPM,eFG%,FTR,TRB%,TOV%,Salary,Salary Adjusted,Rating Model Salary,Four Factors Salary,Average Predicted Salary
0,Precious Achiuwa,Center,22.0,73.0,28.0,23.6,105.0,110.0,-2.0,-0.6,48.6,13.253012048192772,14.9,11.3,2711.28,2956.915,4457.970696826548,4187.261725345259,4322.616211085904
1,Steven Adams,Center,28.0,76.0,75.0,26.3,125.0,108.0,1.0,1.0,54.7,27.450980392156865,19.9,19.6,17073.171,18619.958,14032.908986911749,15784.045906123943,14908.477446517845
2,Bam Adebayo,Center,24.0,56.0,56.0,32.6,117.0,104.0,1.7,2.1,55.7,35.38461538461538,17.5,14.4,28103.5,30649.609,18284.39315088632,19996.133113393877,19140.2631321401
3,LaMarcus Aldridge,Center,36.0,47.0,12.0,22.3,119.0,112.0,1.3,-0.6,56.6,19.587628865979383,13.4,8.0,2641.691,2881.021,12396.308671694325,4898.535096677959,8647.421884186142
4,Nickeil Alexander-Walker,Guard,23.0,65.0,21.0,22.6,98.0,114.0,-1.8,-1.1,44.9,11.428571428571429,7.1,11.3,3261.48,3556.962,4913.4727976461945,3736.132353688988,4324.802575667592
5,Grayson Allen,Guard,26.0,66.0,61.0,27.3,122.0,114.0,0.6,-0.2,58.8,11.627906976744184,6.5,6.7,4054.695,4422.04,6051.433682035653,5236.321862966413,5643.877772501033
6,Jarrett Allen,Center,23.0,56.0,56.0,32.3,132.0,106.0,2.7,1.2,67.80000000000001,29.89690721649485,18.4,12.7,20000.0,21811.951,14298.280230307673,19671.726424668454,16985.003327488062
7,Jose Alvarado,Guard,23.0,54.0,1.0,15.4,114.0,109.0,-0.5,2.4,50.0,12.962962962962962,6.6,11.2,1925.406,2099.843,2209.5737067144883,2176.717804395207,2193.1457555548477
8,Kyle Anderson,Forward,28.0,69.0,11.0,21.5,110.0,106.0,-0.9,2.1,48.4,14.705882352941178,13.0,12.1,9937.15,10837.431,9464.599905046276,6885.865414129236,8175.232659587757
9,Giannis Antetokounmpo,Forward,27.0,67.0,67.0,32.9,124.0,106.0,7.6,3.5,58.2,44.623655913978496,18.7,12.2,39344.9,42909.452,36893.92506965124,35428.33525228968,36161.13016097046
10,Thanasis Antetokounmpo,Forward,29.0,48.0,6.0,9.9,113.0,112.0,-3.5,-0.1,55.50000000000001,22.22222222222222,11.3,14.9,1729.217,1885.879,2620.6843448066666,2418.7338338606546,2519.709089333661
11,Carmelo Anthony,Forward,37.0,69.0,3.0,26.0,114.0,114.0,0.4,-0.8,54.400000000000006,18.09523809523809,8.6,6.9,2641.691,2881.021,3298.0316115763535,4576.903529444499,3937.4675705104264
12,Cole Anthony,Guard,21.0,65.0,65.0,31.7,103.0,114.0,-0.6,-0.6,46.400000000000006,23.57142857142857,8.9,14.2,3449.4,3761.907,13076.744106439166,5530.091001304492,9303.41755387183
13,OG Anunoby,Forward,24.0,48.0,48.0,36.0,112.0,111.0,0.4,0.1,52.6,13.103448275862068,8.3,9.7,16071.429,17527.461,14555.160538116465,13725.047174914376,14140.10385651542
14,Trevor Ariza,Forward,36.0,24.0,11.0,19.3,97.0,114.0,-3.3,-0.2,43.4,9.756097560975611,9.5,9.3,2641.691,2881.021,6149.857448264632,3214.1731912600653,4682.015319762349
15,DJ Augustin,Guard,34.0,55.0,2.0,16.1,112.0,120.0,-1.2,-2.4,57.7,17.5,4.2,18.9,7622.467,8313.044,3979.594044917178,6261.92351965899,5120.758782288084
16,Deni Avdija,Forward,21.0,82.0,8.0,24.2,106.0,113.0,-2.1,0.4,50.3,18.30985915492958,11.9,12.0,4692.84,5117.999,2552.0876840738097,4020.24276870155,3286.16522638768
17,Deandre Ayton,Center,23.0,58.0,58.0,29.5,124.0,105.0,2.2,0.6,63.9,15.0,18.6,10.7,12632.95,13777.464,9223.287325307356,9530.65623021316,9376.971777760258
18,Marvin Bagley,Forward,22.0,48.0,25.0,23.9,112.0,114.0,-0.5,-1.8,53.0,15.053763440860212,16.0,7.4,11312.114,12336.964,4940.084836462542,4810.510875666253,4875.297856064397
19,LaMelo Ball,Guard,20.0,75.0,75.0,32.3,111.0,112.0,3.3,0.1,51.7,16.766467065868262,11.0,15.3,8231.76,8977.537,19188.575508862115,8220.930490968547,13704.75299991533
20,Lonzo Ball,Guard,24.0,35.0,35.0,34.6,110.0,111.0,0.9,1.6,56.7,5.504587155963303,8.8,17.2,18604.651,20290.187,13848.682018774614,16496.415251684073,15172.548635229345
21,Mo Bamba,Center,23.0,71.0,69.0,25.7,113.0,108.0,-0.2,0.9,56.6,9.195402298850576,16.5,10.6,7568.743,8254.452,6929.103261738095,6008.348729192996,6468.725995465546
22,Desmond Bane,Guard,23.0,76.0,76.0,29.8,119.0,110.0,2.5,0.3,56.49999999999999,12.413793103448276,7.7,8.7,2033.16,2217.359,7816.79309783362,2576.450921813623,5196.622009823622
23,Dalano Banton,Guard,22.0,64.0,1.0,10.9,98.0,111.0,-3.5,0.4,44.3,12.5,9.7,19.3,925.258,1009.084,1589.6952993633872,1643.620228902467,1616.6577641329272
24,Harrison Barnes,Forward,29.0,77.0,77.0,33.6,121.0,118.0,1.5,-1.3,55.400000000000006,40.74074074074075,9.1,10.4,20284.091,22121.78,20421.01827381649,25185.57534731707,22803.296810566782
25,Scottie Barnes,Forward,20.0,74.0,74.0,35.4,116.0,111.0,0.5,0.4,52.400000000000006,16.666666666666668,11.5,11.7,7280.4,7939.986,11602.603845823536,7989.793432091056,9796.198638957296
26,RJ Barrett,Forward,21.0,70.0,70.0,34.5,103.0,113.0,-0.3,-1.3,46.6,23.9766081871345,9.1,9.9,8623.92,9405.226,13199.596435450525,8401.701902356326,10800.649168903426
27,Will Barton,Guard,31.0,71.0,71.0,32.1,108.0,114.0,0.4,-0.9,52.5,11.11111111111111,8.3,11.8,15625.0,17040.587,25744.607766765337,18753.18400780903,22248.895887287184
28,Charles Bassey,Center,21.0,23.0,0.0,7.3,129.0,103.0,-0.4,2.1,63.8,20.0,20.6,13.3,925.258,1009.084,1480.2063421564262,1490.860773382032,1485.533557769229
29,Keita Bates-Diop,Forward,26.0,59.0,14.0,16.2,111.0,112.0,-2.1,-0.5,54.900000000000006,17.77777777777778,12.7,13.4,1729.217,1885.879,2234.7048503579094,2630.6287383208355,2432.6667943393722
30,Nicolas Batum,Forward,33.0,59.0,54.0,24.8,118.0,109.0,0.5,1.8,60.2,6.060606060606061,9.2,9.0,12026.998,13116.613,16547.395462357254,11699.91332641602,14123.654394386636
31,Kent Bazemore,Forward,32.0,39.0,14.0,14.0,93.0,113.0,-5.1,0.8,42.8,8.333333333333332,6.8,12.5,2401.537,2619.11,6137.413008181798,2701.6476513192647,4419.530329750532
32,Darius Bazley,Forward,21.0,69.0,53.0,27.9,101.0,111.0,-2.1,0.3,48.4,18.08510638297872,11.6,11.1,2513.04,2740.715,5687.364754359282,3085.040597314323,4386.202675836803
33,Bradley Beal,Guard,28.0,40.0,40.0,36.0,106.0,117.0,2.0,-1.2,49.2,21.76165803108808,7.3,13.6,33724.2,36779.53,29726.522052107524,34549.39472336504,32137.958387736282
34,Malik Beasley,Guard,25.0,79.0,18.0,25.0,111.0,116.0,0.7,-1.5,53.2,5.555555555555555,6.2,4.7,14491.964,15804.9,4943.647528372776,9102.763139111119,7023.2053337419475
35,DeAndre Bembry,Forward,27.0,56.0,20.0,18.3,119.0,112.0,-2.2,1.5,59.5,10.256410256410255,8.6,11.6,2271.045,2476.795,1598.3474288643424,2515.4116383267774,2056.87953359556
36,Davis Bertans,Forward,29.0,56.0,0.0,14.4,106.0,114.0,-1.7,-0.9,50.0,12.244897959183673,8.0,6.1,16000.0,17449.561,5897.0220030453065,10084.771556125781,7990.896779585544
37,Patrick Beverley,Guard,33.0,58.0,54.0,25.4,119.0,111.0,0.6,2.1,50.1,22.666666666666664,8.7,12.9,14320.987,15618.433,15341.13621468121,18805.698441253717,17073.417327967465
38,Saddiq Bey,Forward,22.0,82.0,82.0,33.0,110.0,116.0,0.9,-1.2,48.9,18.705035971223023,8.8,7.1,2824.32,3080.196,12409.663205253257,4462.08232111842,8435.872763185838
39,Khem Birch,Center,29.0,55.0,28.0,18.0,124.0,111.0,-1.7,0.4,48.5,27.77777777777778,13.1,11.1,6350.0,6925.294,5496.656649295249,7278.200146009148,6387.428397652198
40,Goga Bitadze,Center,22.0,50.0,16.0,14.6,118.0,114.0,-0.2,-0.6,56.49999999999999,26.0,13.5,13.6,3098.4,3379.107,2497.2303996822616,3195.5159654036443,2846.373182542953
41,Bismack Biyombo,Center,29.0,36.0,3.0,14.1,119.0,105.0,-1.7,0.4,59.3,27.500000000000004,17.7,12.4,1518.213,1655.759,6371.419018019284,3207.3436471314303,4789.381332575357
42,Nemanja Bjelica,Center,33.0,71.0,0.0,16.1,111.0,105.0,-0.9,2.3,54.7,16.666666666666668,14.1,18.7,2089.448,2278.746,9011.584201658126,3909.6624990974237,6460.623350377775
43,Eric Bledsoe,Guard,32.0,54.0,29.0,25.2,100.0,110.0,-2.1,1.3,47.5,18.390804597701152,7.1,18.3,18125.0,19767.081,13516.646002405794,19803.967224295415,16660.306613350604
44,Keljin Blevins,Forward,26.0,31.0,1.0,11.3,86.0,119.0,-5.6,-2.9,40.1,5.555555555555556,7.1,12.8,462.629,504.542,2155.4323873118433,924.4256166630157,1539.9290019874295
45,Bogdan Bogdanovic,Guard,29.0,63.0,27.0,29.3,114.0,116.0,1.5,-0.2,53.7,11.904761904761903,7.4,7.7,18000.0,19630.756,13668.150784324314,15013.112951143796,14340.631867734055
46,Bojan Bogdanovic,Forward,32.0,69.0,69.0,30.9,116.0,115.0,1.6,-1.6,55.2,23.88059701492537,7.6,10.2,18700.0,20394.174,26035.191960297634,27166.306267444543,26600.74911387109
47,Leandro Bolmaro,Forward,21.0,35.0,2.0,6.9,96.0,115.0,-5.1,-0.7,36.1,20.0,9.6,17.9,2353.32,2566.525,716.5338804066324,2103.3573705371023,1409.9456254718673
48,Devin Booker,Guard,25.0,68.0,68.0,34.5,113.0,109.0,3.9,0.2,53.0,22.00956937799043,7.8,9.3,31650.6,34518.067,25166.268933186755,31771.658120107095,28468.963526646927
49,BJ Boston,Guard,20.0,51.0,0.0,14.9,98.0,111.0,-3.0,-0.4,43.7,18.75,7.7,8.0,925.258,1009.084,1953.5018358082093,1764.1790530574272,1858.8404444328182
50,Chris Boucher,Forward,29.0,80.0,9.0,21.1,124.0,108.0,0.5,-0.4,52.3,26.38888888888889,15.8,6.0,7020.0,7655.995,7450.621182352459,8595.617824765064,8023.119503558762
51,James Bouknight,Guard,21.0,31.0,0.0,9.8,100.0,117.0,-3.4,-3.7,40.8,20.0,9.1,8.8,4154.4,4530.778,793.3607715818907,2639.389401494758,1716.3750865383245
52,Avery Bradley,Guard,31.0,62.0,45.0,22.7,106.0,116.0,-3.5,-0.1,54.0,5.357142857142858,5.2,9.6,2641.691,2881.021,9315.044130756503,12947.1405325234,11131.092331639953
53,Tony Bradley,Center,24.0,55.0,7.0,10.0,115.0,110.0,-2.0,0.2,58.5,13.636363636363637,19.1,20.0,1789.256,1951.358,944.8002707392254,1875.319861940452,1410.0600663398386
54,Ignas Brazdeikis,Forward,23.0,42.0,1.0,12.8,106.0,116.0,-2.7,-1.6,50.3,11.11111111111111,7.1,7.8,462.629,504.542,1478.0127041689948,1352.0227030539227,1415.0177036114587
55,Mikal Bridges,Forward,25.0,82.0,82.0,34.8,125.0,110.0,0.5,1.1,60.1,15.23809523809524,6.5,6.8,5557.725,6061.241,11917.725057251411,7503.378679680604,9710.551868466007
56,Miles Bridges,Forward,23.0,80.0,80.0,35.5,117.0,114.0,1.8,-0.3,55.400000000000006,21.71052631578948,10.4,9.9,5421.493,5912.667,12725.135868774958,9250.610512442552,10987.873190608756
57,Oshae Brissett,Forward,23.0,67.0,25.0,23.3,112.0,116.0,-0.5,-1.7,49.3,22.36842105263158,12.8,8.5,1701.593,1855.753,3543.54121149457,2841.2033403367172,3192.3722759156435
58,Malcolm Brogdon,Guard,29.0,36.0,36.0,33.5,116.0,118.0,2.8,-0.5,50.1,26.490066225165563,8.6,11.1,21700.0,23665.967,27093.36615531099,26345.36777801718,26719.366966664085
59,Armoni Brooks,Guard,23.0,54.0,11.0,15.6,101.0,117.0,-2.6,-1.3,46.7,5.555555555555555,6.7,8.3,1739.065,1896.619,1411.547749849387,2047.9668513166077,1729.7573005829972
60,Dillon Brooks,Forward,26.0,32.0,31.0,27.7,108.0,112.0,-1.0,-0.8,47.5,17.073170731707318,6.0,8.0,12200.0,13305.29,7470.3030189487,11544.195869315645,9507.249444132172
61,Bruce Brown,Forward,25.0,72.0,45.0,24.6,121.0,111.0,-0.4,1.1,54.3,18.571428571428573,10.6,9.1,4736.102,5165.181,5824.598243709266,6513.82715896076,6169.212701335013
62,Charlie Brown,Guard,24.0,22.0,2.0,8.0,88.0,109.0,-5.2,0.4,26.9,22.222222222222225,10.1,10.3,431.151,470.212,1214.4339740656385,1041.683482940341,1128.0587285029897
63,Greg Brown,Forward,20.0,48.0,6.0,13.3,102.0,114.0,-4.0,-0.7,47.6,22.5,11.6,14.1,925.258,1009.084,1400.9516456448346,1698.011769551298,1549.4817075980664
64,Jaylen Brown,Forward,25.0,66.0,66.0,33.6,109.0,108.0,1.9,0.1,54.1,20.10869565217392,9.8,11.6,26758.928,29183.222,21826.715825452186,29302.68038577922,25564.698105615702
65,Moses Brown,Center,22.0,40.0,6.0,8.6,115.0,105.0,-2.4,-0.9,59.3,40.74074074074075,21.7,12.5,1933.909,2109.116,1184.5273581158312,1764.2110912703693,1474.3692246931003
66,Sterling Brown,Guard,26.0,49.0,3.0,12.8,102.0,109.0,-3.4,0.5,47.1,9.374999999999998,13.2,12.5,3000.0,3271.792,2856.8762945733256,3572.075203217855,3214.47574889559
67,Troy Brown,Forward,22.0,66.0,7.0,16.0,110.0,114.0,-1.7,-0.2,51.0,7.6923076923076925,10.8,8.8,5170.564,5639.004,1276.1496276815683,2751.2829763404247,2013.7163020109965
68,Jalen Brunson,Guard,25.0,79.0,61.0,31.9,118.0,112.0,0.9,0.0,54.900000000000006,17.968749999999996,6.8,10.1,1802.057,1965.319,13745.437078135303,7229.2817090566905,10487.359393595996
69,Thomas Bryant,Center,24.0,27.0,9.0,16.3,118.0,113.0,-0.4,-0.7,56.10000000000001,23.63636363636364,13.6,10.3,8666.667,9451.846,2358.805197649351,5096.93794661709,3727.871572133221
70,Reggie Bullock,Forward,30.0,68.0,37.0,28.0,111.0,112.0,-1.5,0.0,54.2,8.108108108108107,7.0,7.1,9536.0,10399.938,8957.103638430337,9327.890700595946,9142.497169513143
71,Trey Burke,Guard,29.0,42.0,0.0,10.5,97.0,113.0,-3.6,-1.4,45.1,9.803921568627452,4.2,10.4,3150.0,3435.382,5722.504292536554,3178.777275476624,4450.6407840065895
72,Alec Burks,Guard,30.0,81.0,44.0,28.6,117.0,110.0,-0.4,1.2,49.9,30.000000000000004,9.2,9.7,9536.0,10399.938,11166.531244464739,11515.134790198254,11340.833017331497
73,Jared Butler,Guard,21.0,42.0,1.0,8.6,102.0,109.0,-2.3,0.7,49.7,8.333333333333332,6.8,17.3,925.258,1009.084,1797.1933643038617,1112.3865495676218,1454.7899569357419
74,Jimmy Butler,Forward,32.0,57.0,57.0,33.9,124.0,108.0,4.5,1.9,49.6,47.58620689655172,9.9,10.5,36016.2,39279.18,39127.599947499395,37386.34655623186,38256.973251865624
75,Kentavious Caldwell-Pope,Guard,28.0,77.0,77.0,30.2,109.0,116.0,-0.9,-0.6,53.1,16.666666666666664,6.2,9.8,13038.862,14220.151,18747.12381265291,21944.252422099948,20345.688117376427
76,Facundo Campazzo,Guard,30.0,65.0,4.0,18.2,109.0,111.0,-2.1,1.3,45.9,19.565217391304348,5.5,16.9,3100.0,3380.852,5200.6054594639845,3311.803012327678,4256.2042358958315
77,Clint Capela,Center,27.0,74.0,73.0,27.6,132.0,109.0,2.1,-0.1,61.3,13.414634146341466,23.5,6.1,17603.448,19198.277,8086.20506732233,15711.849039559633,11899.027053440981
78,Jevon Carter,Guard,26.0,66.0,3.0,13.7,110.0,114.0,-1.8,-0.4,51.8,5.2631578947368425,6.6,11.5,4107.149,4479.246,1893.1763975356796,3697.92267181897,2795.5495346773246
79,Wendell Carter,Forward,22.0,62.0,61.0,29.9,115.0,110.0,1.0,0.6,57.6,20.909090909090907,18.5,13.1,6920.027,7546.964,7743.848163535875,6440.57138577384,7092.209774654857
80,Alex Caruso,Guard,27.0,41.0,18.0,28.0,110.0,112.0,-2.2,2.3,48.0,22.58064516129032,7.3,16.5,8600.0,9379.139,4189.831712294746,7596.888486119491,5893.360099207119
81,Willie Cauley-Stein,Center,28.0,20.0,2.0,9.2,103.0,109.0,-4.1,1.1,47.1,5.555555555555556,12.2,16.3,4220.083,4602.412,4348.570251093765,3678.544561563089,4013.557406328427
82,Justin Champagnie,Forward,20.0,36.0,0.0,7.8,128.0,112.0,-1.3,-0.7,53.7,15.789473684210526,13.9,10.1,462.629,504.542,522.4488120550558,974.9930949987586,748.7209535269071
83,Chris Chiozza,Guard,26.0,34.0,1.0,10.9,88.0,110.0,-5.7,-0.2,40.1,4.166666666666667,5.3,28.0,462.629,504.542,2518.313604759016,1311.6762933788368,1914.9949490689264
84,Marquese Chriss,Forward,24.0,34.0,0.0,10.2,107.0,105.0,-3.8,0.0,49.3,15.384615384615383,16.5,10.3,1292.9,1410.033,1440.0872285253552,3110.364602774567,2275.2259156499613
85,Josh Christopher,Guard,20.0,74.0,2.0,18.0,101.0,117.0,-2.2,-1.3,50.4,16.176470588235293,7.7,17.2,2259.24,2463.921,1464.988965933052,1891.2311282321593,1678.1100470826057
86,Gary Clark,Forward,27.0,38.0,1.0,9.9,116.0,112.0,0.1,0.0,53.400000000000006,8.695652173913045,13.2,9.8,811.213,884.706,2834.9139514805843,1220.693835454526,2027.803893467555
87,Brandon Clarke,Forward,25.0,64.0,1.0,19.5,138.0,108.0,3.1,1.1,65.0,18.571428571428573,14.4,6.3,2726.88,2973.928,3591.625457071108,3247.686755925725,3419.656106498416
88,Jordan Clarkson,Guard,29.0,79.0,1.0,27.1,108.0,113.0,0.5,-1.2,50.4,12.765957446808512,7.0,9.8,12420.0,13545.221,10056.882657653754,12204.446389862374,11130.664523758063
89,Nicolas Claxton,Center,22.0,47.0,19.0,20.7,130.0,111.0,0.3,0.2,67.4,19.642857142857142,14.8,11.1,1782.621,1944.122,2961.826782059385,2523.531127340599,2742.678954699992
90,Amir Coffey,Guard,24.0,69.0,30.0,22.7,120.0,113.0,-0.3,0.0,55.60000000000001,22.058823529411764,6.7,8.0,573.576,625.54,2871.3221590547423,1135.810578260672,2003.5663686577072
91,John Collins,Forward,24.0,54.0,53.0,30.8,122.0,114.0,1.5,0.0,57.6,21.00840336134453,13.9,7.7,23000.0,25083.744,11578.985902259545,17668.526363711353,14623.756132985449
92,Zach Collins,Center,24.0,28.0,4.0,17.9,112.0,109.0,-1.2,1.0,53.5,34.54545454545455,16.0,19.7,7000.0,7634.183,2889.735066898426,1382.4547512419974,2136.0949090702115
93,Mike Conley,Guard,34.0,72.0,72.0,28.6,120.0,111.0,2.4,0.7,54.2,16.363636363636363,5.8,12.5,21000.0,22902.549,15622.453419606929,16809.731115584942,16216.092267595935
94,Pat Connaughton,Forward,29.0,65.0,19.0,26.0,124.0,113.0,0.8,0.3,60.5,9.210526315789473,8.6,6.3,5333.334,5816.521,8139.871326179069,7062.6515931284475,7601.261459653759
95,Tyler Cook,Forward,24.0,20.0,2.0,10.0,126.0,113.0,-3.0,-1.1,60.5,57.89473684210527,14.9,11.8,462.629,504.542,176.88090005571334,623.3406248708843,400.11076246329884
96,DeMarcus Cousins,Center,31.0,48.0,7.0,15.0,105.0,106.0,-1.8,0.2,51.7,29.411764705882355,20.6,18.3,2038.942,2223.664,10487.428909246531,5229.668260807868,7858.5485850272
97,Robert Covington,Forward,31.0,71.0,42.0,27.3,108.0,110.0,-1.6,1.7,54.8,11.428571428571429,11.0,12.4,12975.471,14151.017,13605.602941659356,13811.51449036015,13708.558716009753
98,Torrey Craig,Forward,31.0,78.0,16.0,20.5,110.0,113.0,-1.7,-0.1,54.1,8.771929824561402,10.7,12.6,4878.049,5319.988,7650.7279891098415,8753.025279260253,8201.876634185048
99,Jae Crowder,Forward,31.0,67.0,67.0,28.1,109.0,105.0,-1.3,2.4,51.6,13.580246913580249,10.1,8.6,9720.9,10601.59,15425.027513617137,12462.45075107237,13943.739132344754
100,Jarrett Culver,Guard,22.0,37.0,0.0,9.1,93.0,109.0,-5.7,0.3,42.2,11.111111111111112,7.4,11.8,6395.16,6974.546,753.4337660311769,4039.6274753494,2396.5306206902883
101,Cade Cunningham,Guard,20.0,64.0,64.0,32.6,96.0,113.0,-1.1,-0.5,47.1,13.664596273291924,9.2,17.5,10050.12,10960.636,14592.777311945525,3766.6240037576363,9179.700657851581
102,Seth Curry,Guard,31.0,64.0,64.0,33.4,115.0,115.0,0.3,-0.9,59.4,11.304347826086955,5.2,12.3,8207.518,8951.099,23328.209154371765,10444.119110539157,16886.164132455462
103,Stephen Curry,Guard,33.0,64.0,64.0,34.5,115.0,108.0,5.4,0.4,55.400000000000006,22.5130890052356,8.3,13.2,45780.966,49928.61,48144.70573354847,45474.32469807725,46809.51521581286
104,Anthony Davis,Center,28.0,40.0,40.0,35.1,115.0,109.0,2.6,1.2,54.2,25.287356321839084,15.1,9.3,35361.36,38565.013,34675.189459456895,35839.95343084854,35257.57144515272
105,Ed Davis,Center,32.0,31.0,3.0,6.5,126.0,106.0,-4.2,2.5,68.8,40.0,17.6,18.4,2641.691,2881.021,2239.1038713317207,3817.2135673925163,3028.1587193621185
106,Terence Davis,Guard,24.0,30.0,11.0,17.9,103.0,113.0,-0.6,-0.4,51.5,13.48314606741573,9.5,10.3,4000.0,4362.39,3282.224035373359,2435.444124437926,2858.8340799056423
107,Dewayne Dedmon,Center,32.0,67.0,15.0,15.9,117.0,105.0,-2.2,1.1,59.8,25.58139534883721,20.6,17.3,5256.308,5732.516,5545.841659857998,5165.4481437824825,5355.64490182024
108,DeMar DeRozan,Forward,32.0,76.0,76.0,36.1,117.0,115.0,3.4,-0.9,52.1,33.663366336633665,8.0,9.2,26000.0,28355.537,32543.320114889917,28731.452966329838,30637.386540609878
109,Hamidou Diallo,Guard,23.0,58.0,29.0,21.9,107.0,111.0,-1.2,0.7,51.8,17.582417582417584,11.8,9.0,5200.0,5671.107,4641.72776926457,3787.3853885377803,4214.556578901175
110,Gorgui Dieng,Center,32.0,44.0,3.0,8.4,123.0,111.0,1.4,0.8,60.3,16.0,17.8,13.9,4000.0,4362.39,8280.402851377841,3880.6822486733504,6080.542550025596
111,Spencer Dinwiddie,Guard,28.0,67.0,51.0,29.6,114.0,115.0,0.8,-0.4,49.3,26.36363636363636,7.8,10.9,19314.284,21064.111,13192.501305295484,16341.808447479156,14767.15487638732
112,Donte DiVincenzo,Guard,25.0,42.0,1.0,24.0,102.0,113.0,-1.8,-0.5,46.1,21.25,9.1,16.2,4675.83,5099.448,5485.4413972463035,6075.204890823805,5780.323144035054
113,Luka Doncic,Guard,22.0,65.0,65.0,35.4,110.0,107.0,6.4,1.8,52.900000000000006,25.925925925925924,14.3,15.3,10174.391,11096.166,33856.53972203229,14897.619975461177,24377.079848746733
114,Luguentz Dort,Guard,22.0,51.0,51.0,32.6,104.0,115.0,-1.5,-0.7,49.3,22.53521126760564,6.5,9.8,1782.621,1944.122,10141.966934136153,4343.436434527832,7242.7016843319925
115,Ayo Dosunmu,Guard,22.0,77.0,40.0,27.4,113.0,115.0,-1.9,-0.1,58.5,10.144927536231885,5.7,15.9,925.258,1009.084,2318.0953422821235,4256.861713161095,3287.4785277216097
116,Goran Dragic,Guard,35.0,21.0,8.0,23.7,102.0,114.0,-2.8,-0.5,43.0,18.05555555555556,7.1,17.0,19348.907,21101.87,7502.714849983506,12101.747333388987,9802.231091686246
117,Andre Drummond,Center,28.0,73.0,36.0,19.7,114.0,102.0,-0.1,1.4,56.99999999999999,20.338983050847457,26.2,18.5,2401.537,2619.11,11154.203578286906,3409.4963335864713,7281.849955936688
118,Chris Duarte,Guard,24.0,55.0,39.0,28.0,104.0,117.0,-1.2,-1.1,50.7,14.15929203539823,8.2,11.8,3749.4,4089.086,4267.988405607954,4139.991140044147,4203.98977282605
119,David Duke,Guard,22.0,22.0,7.0,15.5,104.0,113.0,-3.0,-0.9,40.3,16.3265306122449,10.7,7.1,462.629,504.542,1489.2754676034094,1159.153479371133,1324.2144734872713
120,Kevin Durant,Forward,33.0,55.0,55.0,37.2,121.0,112.0,6.4,0.7,56.99999999999999,33.497536945812804,10.8,12.9,42018.9,45825.71,47992.57018615226,44205.260455025054,46098.915320588654
121,Anthony Edwards,Guard,20.0,72.0,72.0,34.3,108.0,112.0,1.6,-0.4,52.7,17.91907514450867,7.5,12.2,10245.48,11173.695,15713.959124922036,8526.04880908915,12120.003967005592
122,Kessler Edwards,Forward,21.0,48.0,23.0,20.6,100.0,113.0,-3.1,-0.8,50.2,5.357142857142858,9.5,13.2,463.211,505.176,4577.405602421672,1028.3300326395386,2802.867817530605
123,CJ Elleby,Forward,21.0,58.0,28.0,20.2,102.0,117.0,-3.8,-1.5,45.3,18.867924528301888,10.6,14.0,1517.981,1655.506,2632.651836789013,2383.1487598718604,2507.9002983304367
124,Wayne Ellington,Guard,34.0,43.0,9.0,18.8,113.0,116.0,-0.7,-0.6,58.6,3.6363636363636367,5.1,7.3,2641.691,2881.021,5803.412947068986,3612.6510293278993,4708.031988198442
125,Joel Embiid,Center,27.0,68.0,68.0,33.8,119.0,105.0,7.2,2.0,53.400000000000006,48.97959183673469,19.4,11.3,31579.39,34440.406,41001.99683774894,31841.290237655692,36421.643537702315
126,Drew Eubanks,Center,24.0,71.0,31.0,17.5,120.0,113.0,-0.5,-0.9,60.2,26.923076923076923,16.5,15.9,2239.82,2442.742,2200.675040362243,2499.8755124052964,2350.27527638377
127,Derrick Favors,Center,30.0,39.0,18.0,16.7,118.0,112.0,-2.3,0.3,52.2,8.51063829787234,14.5,4.5,9720.9,10601.59,4962.213429943086,8815.222146282591,6888.717788112839
128,Bruno Fernando,Center,23.0,30.0,0.0,5.1,116.0,110.0,-0.4,0.2,66.4,27.77777777777778,19.8,17.6,1782.621,1944.122,1941.6302654395356,1674.0245112380135,1807.8273883387747
129,Dorian Finney-Smith,Forward,28.0,80.0,80.0,33.1,119.0,110.0,0.1,0.7,59.5,8.045977011494253,7.9,9.9,4000.0,4362.39,20192.81685771388,7810.595543434871,14001.706200574376
130,Malachi Flynn,Guard,23.0,44.0,5.0,12.2,113.0,112.0,-1.8,0.4,47.5,7.142857142857142,6.4,6.3,2048.04,2233.587,1583.0363102127897,1820.0333955024014,1701.5348528575955
131,Bryn Forbes,Guard,28.0,75.0,2.0,17.1,109.0,117.0,-0.7,-2.2,54.2,15.27777777777778,3.9,8.8,4500.0,4907.689,5021.401833557349,4417.893862836576,4719.6478481969625
132,Trent Forrest,Guard,23.0,60.0,6.0,12.8,111.0,112.0,-2.3,1.2,50.6,23.07692307692308,7.1,21.4,463.211,505.176,1216.15931720705,783.3324374458165,999.7458773264332
133,Evan Fournier,Guard,29.0,80.0,80.0,29.5,109.0,113.0,-0.4,-0.3,54.1,8.264462809917356,4.8,9.4,17142.857,18695.958,12800.192315091988,14207.003463172237,13503.597889132114
134,De'Aaron Fox,Guard,24.0,59.0,59.0,35.3,107.0,117.0,0.6,-1.2,50.6,23.783783783783782,6.0,11.9,28103.5,30649.609,12937.947146076602,20769.87381146494,16853.91047877077
135,Wenyen Gabriel,Forward,24.0,26.0,5.0,13.8,113.0,113.0,-3.7,-2.1,52.7,23.809523809523807,14.5,11.1,522.015,569.306,698.2610129231845,924.7302632551306,811.4956380891575
136,Daniel Gafford,Center,23.0,72.0,53.0,20.1,134.0,111.0,1.1,0.5,69.3,26.31578947368421,15.6,12.0,1782.621,1944.122,4151.803056288569,2358.085127876149,3254.944092082359
137,Danilo Gallinari,Forward,33.0,66.0,18.0,25.3,120.0,117.0,1.0,-1.2,52.8,23.33333333333333,10.1,5.4,20475.0,22329.985,8714.400910768269,21191.77477538473,14953.087843076499
138,Darius Garland,Guard,22.0,68.0,68.0,35.7,112.0,112.0,3.4,-0.8,53.6,18.4971098265896,5.1,16.2,7040.88,7678.766,18071.230447693524,12322.631587109607,15196.931017401566
139,Usman Garuba,Forward,19.0,24.0,2.0,10.0,119.0,111.0,-1.8,0.9,48.9,11.111111111111112,19.1,11.3,2353.32,2566.525,853.4386718795848,2780.4992826570947,1816.9689772683398
140,Luka Garza,Center,23.0,32.0,5.0,12.2,114.0,116.0,-0.5,-2.0,50.3,26.08695652173913,13.9,9.4,925.258,1009.084,2394.863296008317,1794.5305597987153,2094.696927903516
141,Rudy Gay,Forward,35.0,55.0,1.0,18.9,110.0,110.0,-0.7,-0.3,50.7,15.942028985507248,12.8,10.2,5890.0,6423.619,6729.722799144243,5933.343512833119,6331.533155988682
142,Paul George,Forward,31.0,31.0,31.0,34.7,100.0,106.0,1.8,1.9,49.3,20.0,10.5,15.2,39344.97,42909.529,42640.4755074323,38786.94474752085,40713.710127476574
143,Taj Gibson,Center,36.0,52.0,4.0,18.2,127.0,110.0,-3.0,1.0,56.3,25.0,13.0,12.5,4910.0,5354.834,2486.82210946851,5101.080736817111,3793.95142314281
144,Josh Giddey,Forward,19.0,54.0,54.0,31.5,97.0,112.0,-1.2,0.3,46.1,8.064516129032258,12.7,19.5,5988.0,6530.498,14990.341317708988,3209.933753185327,9100.137535447157
145,Shai Gilgeous-Alexander,Guard,23.0,56.0,56.0,34.7,111.0,113.0,2.9,0.5,49.6,31.382978723404253,7.4,11.1,5495.532,5993.413,18600.47429820137,8324.681556827714,13462.577927514543
146,Anthony Gill,Forward,29.0,44.0,0.0,10.5,132.0,117.0,-0.6,-1.3,63.3,40.0,10.2,12.0,1517.981,1655.506,3211.4886699543754,5203.68938394583,4207.589026950102
147,Rudy Gobert,Center,29.0,66.0,66.0,32.1,137.0,103.0,2.9,1.7,71.3,59.74025974025974,25.0,14.5,35344.828,38546.983,24980.814401941545,35395.53469336996,30188.174547655755
148,Brandon Goodwin,Guard,26.0,36.0,5.0,13.9,104.0,110.0,-2.6,1.1,47.7,16.279069767441857,7.4,17.4,343.988,375.152,3255.790520656815,901.144002498287,2078.4672615775507
149,Aaron Gordon,Forward,26.0,75.0,75.0,31.7,115.0,114.0,0.5,-1.1,57.3,20.72072072072072,10.3,12.5,16409.091,17895.714,13748.420594578609,20021.505024781203,16884.962809679906
150,Eric Gordon,Guard,33.0,57.0,46.0,29.3,111.0,121.0,-0.1,-2.2,58.5,18.181818181818183,3.7,14.6,18218.818,19869.398,13035.35305337467,16842.310723768158,14938.831888571414
151,Devonte Graham,Guard,26.0,76.0,63.0,28.4,109.0,116.0,0.2,-1.2,48.1,14.953271028037385,4.5,10.7,11000.0,11996.573,7836.844220333928,10230.83517480447,9033.8396975692
152,Jerami Grant,Forward,27.0,47.0,47.0,31.9,109.0,114.0,1.4,-0.2,49.1,30.872483221476504,6.9,9.5,20002.5,21814.678,21859.578183571488,23371.991808712617,22615.78499614205
153,Danny Green,Forward,34.0,62.0,28.0,21.8,106.0,111.0,-1.4,0.8,55.50000000000001,3.8461538461538463,6.5,12.1,10000.0,10905.975,11455.43968612495,9496.689288633423,10476.064487379186
154,Draymond Green,Forward,31.0,46.0,44.0,28.9,109.0,103.0,-1.4,4.6,55.60000000000001,23.21428571428572,13.8,31.9,24026.712,26203.473,19378.213219466328,17366.667667662656,18372.44044356449
155,Jalen Green,Guard,19.0,67.0,67.0,31.9,105.0,120.0,-0.5,-2.4,50.8,19.718309859154928,5.8,11.3,8992.08,9806.74,9994.702684216272,9507.767313222106,9751.234998719188
156,JaMychal Green,Forward,31.0,67.0,8.0,16.2,114.0,109.0,-2.0,0.1,53.7,24.489795918367346,14.5,13.4,8200.0,8942.9,4943.5945924772395,7035.97004407695,5989.782318277095
157,Javonte Green,Forward,28.0,65.0,45.0,23.4,131.0,112.0,-0.6,0.7,59.7,24.0,10.2,7.6,1669.178,1820.401,8037.155568270709,2984.1174359381184,5510.636502104414
158,Jeff Green,Forward,35.0,75.0,63.0,24.7,119.0,115.0,-1.2,-1.3,57.4,30.98591549295775,7.0,10.3,4500.0,4907.689,7987.132721516471,5903.726873037235,6945.429797276853
159,Josh Green,Guard,21.0,67.0,3.0,15.5,114.0,109.0,-2.4,1.4,56.3,13.157894736842104,8.6,13.8,2957.52,3225.464,990.4958020050932,3624.431562685112,2307.463682345103
160,Blake Griffin,Center,32.0,56.0,24.0,17.1,115.0,113.0,-0.6,0.1,48.6,17.857142857142858,13.0,8.2,32405.817,35341.704,9855.114736341093,19746.491844931814,14800.803290636453
161,Quentin Grimes,Guard,21.0,46.0,6.0,17.1,111.0,111.0,-1.2,0.9,55.7,5.88235294117647,6.4,10.3,2168.64,2365.113,2385.2092912336957,2526.5785146591757,2455.8939029464354
162,Rui Hachimura,Forward,23.0,42.0,13.0,22.5,111.0,116.0,0.2,-1.7,56.3,12.08791208791209,9.4,7.4,4916.16,5361.552,4256.536852862742,4479.4119908277,4367.9744218452215
163,Tyrese Haliburton,Guard,21.0,77.0,77.0,35.0,119.0,115.0,2.7,-0.1,56.2,17.796610169491526,6.3,16.7,4023.6,4388.128,13792.289733395948,6491.675223068445,10141.982478232196
164,RJ Hampton,Guard,20.0,64.0,14.0,21.9,94.0,114.0,-4.0,-0.1,45.3,16.901408450704224,7.3,14.6,2303.04,2511.689,2554.779787272687,4301.430780888009,3428.105284080348
165,Tim Hardaway Jr,Guard,29.0,42.0,20.0,29.6,107.0,111.0,-0.4,0.2,49.1,15.07936507936508,7.0,5.6,21306.816,23237.161,11607.694202332494,16814.78940882672,14211.241805579608
166,James Harden,Guard,32.0,65.0,65.0,37.2,115.0,111.0,3.7,0.3,48.5,47.05882352941176,11.3,18.8,44310.84,48325.294,38445.643618408234,42551.79877795695,40498.7211981826
167,Montrezl Harrell,Center,28.0,71.0,3.0,23.1,134.0,114.0,3.7,0.1,64.9,38.46153846153847,14.4,9.5,9720.9,10601.59,10562.700610516167,9280.01631013426,9921.358460325213
168,Gary Harris,Guard,27.0,61.0,30.0,28.4,110.0,116.0,-2.0,-0.4,53.900000000000006,15.384615384615383,3.7,9.3,20932.143,22828.544,4312.8523610152915,14441.249360177857,9377.050860596573
169,Tobias Harris,Forward,29.0,73.0,73.0,34.8,113.0,112.0,0.6,-0.6,53.2,16.428571428571427,10.9,9.5,35995.95,39257.095,23420.302614946617,32466.357910732666,27943.33026283964
170,Josh Hart,Guard,26.0,54.0,53.0,33.2,117.0,113.0,0.5,0.5,56.89999999999999,28.57142857142857,12.0,14.7,12000.0,13087.17,14177.82571125744,18122.169949778192,16149.997830517816
171,Isaiah Hartenstein,Center,23.0,68.0,0.0,17.9,127.0,106.0,1.4,3.1,64.5,24.07407407407408,14.5,16.5,1729.217,1885.879,2720.4749622542386,2089.0118789600315,2404.743420607135
172,Sam Hauser,Forward,24.0,26.0,0.0,6.1,133.0,110.0,2.7,-0.3,65.0,0.0,9.9,3.8,619.498,675.623,1829.25298808282,817.9120056324574,1323.5824968576387
173,Jaxson Hayes,Center,21.0,70.0,28.0,20.0,132.0,113.0,0.6,-0.3,64.1,36.84210526315789,12.5,10.1,5348.28,5832.821,1942.605559715901,5191.1190129635315,3566.8622863397163
174,Killian Hayes,Guard,20.0,66.0,40.0,25.0,97.0,113.0,-4.3,0.8,43.1,12.85714285714286,6.9,18.4,5572.68,6077.551,2728.8322693221244,5578.043083264973,4153.437676293548
175,Gordon Hayward,Forward,31.0,49.0,48.0,31.9,113.0,116.0,0.1,-0.8,52.8,20.63492063492064,7.6,10.6,29925.0,32636.132,26321.76747008187,33742.13666637028,30031.952068226077
176,Willy Hernangomez,Center,27.0,50.0,8.0,16.8,122.0,111.0,1.8,-1.5,52.6,33.84615384615385,22.3,11.6,2327.22,2538.06,5527.899528763038,3903.7648673195654,4715.832198041302
177,Tyler Herro,Guard,22.0,66.0,10.0,32.6,107.0,111.0,1.6,-0.9,52.5,17.058823529411764,8.7,12.5,4004.28,4367.058,10562.234006693056,6882.236554811708,8722.235280752382
178,Buddy Hield,Guard,29.0,81.0,32.0,30.9,105.0,117.0,0.5,-1.7,52.6,10.294117647058822,7.8,11.7,23073.234,25163.613,20945.504409052675,22347.69369381717,21646.599051434925
179,George Hill,Guard,35.0,54.0,17.0,23.2,117.0,114.0,-2.2,0.6,50.4,21.5686274509804,6.6,11.9,5275.491,5753.437,4751.4470242613515,9229.017603342167,6990.232313801759
180,Aaron Holiday,Guard,25.0,63.0,15.0,16.2,108.0,113.0,-1.9,0.3,50.4,16.666666666666664,6.5,15.4,3980.551,4341.179,2502.7201199052856,3264.6146137067412,2883.6673668060134
181,Jrue Holiday,Guard,31.0,67.0,64.0,32.9,117.0,112.0,2.9,0.3,56.99999999999999,14.084507042253522,7.2,15.0,31171.333,33995.38,31196.769532522365,31119.30075273735,31158.03514262986
182,Justin Holiday,Forward,32.0,74.0,65.0,27.8,107.0,118.0,-1.4,-0.8,52.8,7.865168539325842,5.1,9.2,6006.42,6550.587,12148.143072409783,8278.057305976376,10213.10018919308
183,Richaun Holmes,Center,28.0,45.0,37.0,23.9,127.0,114.0,-0.4,-0.1,66.3,23.88059701492537,16.1,14.2,10384.5,11325.31,9489.27258539984,10065.451876311992,9777.362230855917
184,Rodney Hood,Forward,29.0,52.0,0.0,13.6,108.0,115.0,-3.0,-0.3,46.5,10.0,5.8,6.2,2239.544,2442.441,4047.1248632866946,3987.0765468000404,4017.1007050433673
185,Al Horford,Center,35.0,69.0,69.0,29.1,124.0,104.0,1.4,2.9,54.6,14.634146341463415,14.3,9.6,27000.0,29446.134,16312.416285683988,20033.55039973722,18172.983342710606
186,Talen Horton-Tucker,Guard,21.0,60.0,19.0,25.2,102.0,114.0,-3.2,-0.2,46.2,18.88888888888889,6.9,12.1,9500.0,10360.677,2255.165845709058,6958.188623755113,4606.677234732086
187,Danuel House,Forward,28.0,42.0,7.0,17.3,108.0,113.0,-1.3,0.2,51.5,21.27659574468085,8.4,12.9,4997.424,5450.176,7262.144038559877,5490.010489095367,6376.077263827622
188,Dwight Howard,Center,36.0,60.0,27.0,16.2,128.0,109.0,-0.2,0.0,63.0,43.24324324324324,19.7,14.2,2641.691,2881.021,6537.45752558591,3640.664855500475,5089.061190543192
189,Markus Howard,Guard,22.0,31.0,0.0,5.7,108.0,113.0,0.8,-2.0,52.5,18.181818181818183,3.8,5.9,462.629,504.542,2555.4340647099084,664.0425042925133,1609.7382845012107
190,Kevin Huerter,Forward,23.0,74.0,60.0,29.6,112.0,117.0,-0.5,-0.7,55.900000000000006,5.825242718446601,6.4,10.4,4253.357,4638.7,4521.6830058673,4285.3850201888035,4403.534013028052
191,Elijah Hughes,Forward,23.0,36.0,4.0,12.1,87.0,116.0,-5.2,-1.7,41.3,5.0,7.3,10.3,1517.981,1655.506,1670.9056575955033,1825.739339281218,1748.3224984383605
192,De'Andre Hunter,Forward,24.0,53.0,52.0,29.8,106.0,117.0,-2.4,-1.5,50.6,22.22222222222222,6.1,9.6,7775.4,8479.832,3936.3376425696524,6582.354727848132,5259.346185208892
193,Bones Hyland,Guard,21.0,69.0,4.0,19.0,109.0,112.0,0.3,-0.7,51.8,19.27710843373493,8.0,12.1,2096.88,2286.852,2617.383989550705,2659.395995369256,2638.3899924599805
194,Serge Ibaka,Center,32.0,54.0,12.0,16.2,112.0,110.0,-1.3,-0.2,56.3,10.909090909090908,15.1,12.0,9720.9,10601.59,7677.851646988545,5529.919554623534,6603.885600806039
195,Andre Iguodala,Forward,38.0,31.0,0.0,19.5,114.0,106.0,-0.9,3.7,45.0,12.820512820512825,9.1,17.7,2641.691,2881.021,2975.5492348187227,2818.6640184526614,2897.106626635692
196,Joe Ingles,Forward,34.0,45.0,15.0,24.9,117.0,114.0,-0.7,0.5,54.0,6.349206349206351,6.4,13.5,13036.364,14217.427,7992.666869866826,11343.071694550332,9667.86928220858
197,Brandon Ingram,Forward,24.0,55.0,55.0,34.0,111.0,115.0,2.6,-0.6,49.8,26.81564245810056,9.5,11.8,29467.8,32137.511,17640.80687070594,21035.094690080532,19337.950780393236
198,Kyrie Irving,Guard,29.0,29.0,29.0,37.6,117.0,114.0,4.2,-1.2,55.00000000000001,19.33962264150944,6.3,9.8,35328.7,38529.394,32636.598368872485,28178.816813608766,30407.707591240625
199,Frank Jackson,Guard,23.0,53.0,7.0,22.0,106.0,118.0,-1.8,-1.7,49.1,17.582417582417584,4.0,6.7,3000.0,3271.792,2245.182186343031,4530.203305349205,3387.6927458461178
200,Isaiah Jackson,Forward,20.0,36.0,15.0,15.0,113.0,109.0,-1.6,0.1,57.49999999999999,29.82456140350877,15.4,14.0,2451.24,2673.316,2156.1483322760187,2595.8740279231406,2376.0111800995796
201,Jaren Jackson Jr,Forward,22.0,78.0,78.0,27.3,109.0,106.0,-0.9,0.8,47.7,27.06766917293233,11.2,9.9,9180.56,10012.296,6146.326901766634,6241.2085096677365,6193.767705717186
202,Josh Jackson,Forward,24.0,51.0,3.0,16.3,95.0,114.0,-4.1,-0.4,45.5,18.64406779661017,9.2,12.3,5005.35,5458.822,1456.6695880967507,4354.747697472708,2905.7086427847294
203,Reggie Jackson,Guard,31.0,75.0,75.0,31.2,99.0,113.0,-1.4,-1.6,46.0,11.042944785276074,6.1,11.8,10384.5,11325.31,24278.850654044385,13050.521381526405,18664.686017785396
204,LeBron James,Forward,37.0,56.0,56.0,37.2,117.0,111.0,6.9,0.8,59.0,20.642201834862384,11.8,12.5,41180.544,44911.401,30944.28915976427,34095.38984646607,32519.839503115167
205,Ty Jerome,Guard,24.0,48.0,4.0,16.7,103.0,115.0,-2.2,-0.2,46.0,11.764705882352942,5.0,9.6,2412.84,2631.437,2019.998019117294,2087.8227084796213,2053.9103637984576
206,Isaiah Joe,Guard,22.0,55.0,1.0,11.1,103.0,115.0,-3.1,-1.5,47.7,15.625,5.1,9.1,1517.981,1655.506,1117.610117226062,2060.968668795282,1589.289393010672
207,Alize Johnson,Forward,25.0,23.0,0.0,7.3,103.0,113.0,-3.6,-1.8,43.6,17.647058823529413,20.4,21.3,1003.74,1094.675,1458.3316629543638,2446.2214944097536,1952.2765786820587
208,Cameron Johnson,Forward,25.0,66.0,16.0,26.2,123.0,109.0,2.0,0.7,59.6,16.304347826086957,8.5,6.7,4437.0,4838.981,5809.3252533784025,4133.7102301083305,4971.517741743366
209,Jalen Johnson,Forward,20.0,22.0,0.0,5.5,98.0,114.0,-3.9,-1.1,57.3,10.526315789473683,11.9,17.0,2659.68,2900.64,1056.704048944848,2425.0121919905655,1740.8581204677066
210,James Johnson,Forward,34.0,62.0,10.0,19.2,109.0,113.0,-2.7,0.6,50.7,10.0,9.8,12.7,2641.691,2881.021,4272.710300007506,3578.466759043293,3925.5885295253993
211,Keldon Johnson,Forward,22.0,75.0,74.0,31.9,114.0,114.0,0.7,-1.2,54.50000000000001,17.77777777777778,10.0,7.6,2145.72,2340.117,11153.427723484298,11673.080327827864,11413.25402565608
212,Keon Johnson,Guard,19.0,37.0,12.0,18.8,94.0,116.0,-4.0,-2.0,41.5,14.864864864864863,6.3,13.5,2553.24,2784.557,1702.505451383382,2555.451215005909,2128.9783331946455
213,Stanley Johnson,Forward,25.0,48.0,27.0,22.8,114.0,114.0,-2.8,0.1,53.2,21.15384615384616,7.6,11.0,1368.998,1493.025,4088.882550525409,2708.235609582224,3398.5590800538166
214,Nikola Jokic,Center,26.0,74.0,74.0,33.5,126.0,105.0,9.2,4.5,62.0,28.8135593220339,23.0,15.6,31044.906,33857.499,47232.520073111686,19183.515111544828,33208.01759232826
215,Damian Jones,Center,26.0,56.0,15.0,18.2,128.0,113.0,-0.2,0.5,67.7,35.41666666666667,13.2,15.4,1977.011,2156.123,2243.408921641989,3558.7045388128604,2901.056730227425
216,Derrick Jones,Forward,24.0,51.0,8.0,17.6,124.0,113.0,-1.5,0.5,59.0,28.94736842105264,10.6,11.7,9720.9,10601.59,794.9363520208383,6111.306458835341,3453.1214054280895
217,Kai Jones,Center,21.0,21.0,0.0,3.0,98.0,116.0,-5.2,-1.4,67.9,14.285714285714288,9.2,25.5,2770.56,3021.566,736.1009922465065,2474.2344610163145,1605.1677266314105
218,Tre Jones,Guard,22.0,69.0,11.0,16.6,120.0,114.0,-0.9,0.4,50.4,20.40816326530612,7.1,10.8,1517.981,1655.506,896.6295278974918,1797.009504540843,1346.8195162191673
219,Tyus Jones,Guard,25.0,73.0,23.0,21.2,125.0,112.0,1.2,0.5,52.400000000000006,9.210526315789473,5.9,7.3,8376.286,9135.157,5322.9413255241425,7282.474393755659,6302.707859639901
220,DeAndre Jordan,Center,33.0,48.0,20.0,13.0,120.0,107.0,-1.5,0.1,64.3,16.666666666666664,23.1,18.7,11109.327,12115.804,7029.730892584797,8959.335247225366,7994.533069905082
221,Cory Joseph,Guard,30.0,65.0,39.0,24.6,115.0,116.0,-2.0,-0.1,52.6,24.19354838709677,5.9,15.9,7310.0,7972.268,6993.633833398206,7836.101067572191,7414.867450485199
222,Luke Kennard,Guard,25.0,70.0,13.0,27.4,119.0,113.0,0.8,-0.3,59.8,10.989010989010987,6.3,8.2,13347.727,14556.998,4215.949103116551,3610.4743599389094,3913.21173152773
223,Corey Kispert,Forward,22.0,77.0,36.0,23.4,114.0,118.0,-0.8,-1.5,56.39999999999999,10.44776119402985,6.4,8.5,3383.64,3690.189,2885.8746631287913,4033.4707813953814,3459.6727222620866
224,Maxi Kleber,Forward,30.0,59.0,21.0,24.6,109.0,107.0,-1.6,1.2,51.6,13.333333333333334,13.4,10.9,8750.0,9542.728,11480.850556245405,9915.248850692933,10698.049703469169
225,Nathan Knight,Forward,24.0,37.0,2.0,7.2,122.0,111.0,-0.7,0.1,53.400000000000006,50.0,17.1,13.6,462.629,504.542,997.044526926766,751.7957494635232,874.4201381951445
226,Kevin Knox,Forward,22.0,30.0,0.0,7.4,106.0,115.0,-1.9,-2.2,45.3,17.857142857142858,10.7,6.9,5845.978,6375.609,1191.90773013476,3732.535871551446,2462.2218008431028
227,John Konchar,Guard,25.0,72.0,7.0,17.9,133.0,109.0,0.2,1.3,61.5,11.111111111111112,13.3,9.3,2200.0,2399.314,1458.1941651770057,2872.921838794341,2165.5580019856734
228,Furkan Korkmaz,Guard,24.0,67.0,19.0,21.1,104.0,114.0,-2.0,-1.1,46.9,14.285714285714285,6.9,8.6,4629.63,5049.063,2266.89754711462,4761.876147601664,3514.3868473581424
229,Vit Krejci,Guard,21.0,30.0,8.0,23.0,105.0,115.0,-4.3,-1.0,50.3,10.714285714285715,7.5,14.1,925.258,1009.084,1546.9365006461637,1918.4065373553372,1732.6715190007503
230,Jonathan Kuminga,Forward,19.0,70.0,12.0,16.9,112.0,108.0,-1.3,-0.2,56.7,28.78787878787879,10.8,12.0,5466.36,5961.598,1742.547699346361,3275.0765382128116,2508.8121187795864
231,Kyle Kuzma,Forward,26.0,66.0,66.0,33.4,103.0,113.0,0.2,-0.4,52.0,16.901408450704224,14.1,14.1,13000.0,14177.768,17972.7205239728,17602.95048645774,17787.83550521527
232,Jeremy Lamb,Forward,29.0,56.0,0.0,16.7,109.0,116.0,-0.4,-0.5,46.3,25.806451612903224,9.1,8.6,10500.0,11451.274,6856.950888748381,8413.236150157916,7635.0935194531485
233,Jock Landale,Center,26.0,54.0,1.0,10.9,119.0,114.0,0.7,-1.1,56.6,15.789473684210526,12.3,12.3,925.258,1009.084,3845.93253691022,1864.1839083866098,2855.058222648415
234,Romeo Langford,Guard,22.0,48.0,5.0,16.1,108.0,109.0,-2.3,1.0,51.0,12.5,7.6,7.1,3804.36,4149.025,1938.7684726963623,2912.7387527439173,2425.7536127201397
235,Zach LaVine,Guard,26.0,67.0,67.0,34.7,115.0,116.0,3.9,-1.5,55.400000000000006,27.11864406779661,7.4,11.2,19500.0,21266.652,21349.9673990935,26163.730988660027,23756.849193876762
236,Jake Layman,Forward,27.0,34.0,1.0,6.8,99.0,113.0,-3.3,-0.6,46.6,19.047619047619047,8.4,11.0,3940.184,4297.155,2065.7597930258785,3519.401971025724,2792.580882025801
237,Damion Lee,Guard,29.0,63.0,5.0,19.9,111.0,109.0,-2.4,0.4,52.3,16.393442622950822,8.8,8.4,1910.86,2083.979,4598.30069422574,3380.0213407440356,3989.1610174848875
238,Saben Lee,Guard,22.0,37.0,0.0,16.3,107.0,112.0,-1.9,1.5,42.9,31.25,7.8,14.7,1489.065,1623.97,2149.1869330250456,1963.1627842646092,2056.1748586448275
239,Alex Len,Center,28.0,39.0,10.0,15.9,109.0,114.0,-3.2,0.3,55.1,24.444444444444446,14.1,17.4,3732.0,4070.11,5280.564120380232,5028.559939036012,5154.562029708122
240,Caris LeVert,Guard,27.0,58.0,49.0,30.7,108.0,116.0,0.0,-1.2,49.2,17.006802721088434,6.7,10.3,17500.0,19085.457,15016.27905663741,15450.045243591121,15233.162150114265
241,Kira Lewis,Guard,20.0,24.0,0.0,14.2,96.0,116.0,-2.8,-1.2,44.9,6.557377049180328,6.3,14.7,3822.24,4168.525,2277.889392545867,3237.842740702942,2757.8660666244045
242,Damian Lillard,Guard,31.0,29.0,29.0,36.4,112.0,120.0,4.0,-2.7,48.6,28.94736842105264,6.2,11.6,39344.9,42909.452,34448.147020509015,34357.27533259551,34402.711176552264
243,Nassir Little,Forward,21.0,42.0,23.0,25.9,115.0,116.0,-0.9,-0.6,54.1,21.333333333333336,11.9,10.1,2316.24,2526.085,4229.4570300125515,2923.865022889476,3576.6610264510136
244,Kevon Looney,Center,25.0,82.0,80.0,21.1,128.0,105.0,-0.9,1.7,57.1,20.454545454545453,18.8,13.8,5178.572,5647.738,5572.214932770829,8251.236544253867,6911.7257385123485
245,Robin Lopez,Center,33.0,36.0,9.0,17.0,110.0,116.0,-2.4,-1.4,55.8,16.363636363636363,10.9,16.5,5000.0,5452.987,6415.737812746916,4433.132179642852,5424.434996194884
246,Kevin Love,Center,33.0,74.0,4.0,22.5,117.0,108.0,4.4,0.1,55.3,21.359223300970875,17.8,10.4,31258.256,34090.178,21600.081730150145,24331.44145511594,22965.76159263304
247,Kyle Lowry,Guard,35.0,63.0,63.0,33.9,118.0,110.0,1.1,0.8,55.50000000000001,23.0,7.5,19.3,26984.128,29428.824,23839.522391042698,32782.27940022125,28310.900895631974
248,Timothe Luwawu,Forward,26.0,52.0,18.0,13.2,113.0,117.0,-2.3,-1.0,51.6,19.444444444444443,6.6,8.9,1939.35,2115.05,1602.6809498795024,2475.037797723194,2038.8593738013483
249,Trey Lyles,Forward,26.0,75.0,23.0,20.5,116.0,114.0,0.5,-0.8,52.6,34.66666666666667,13.4,9.8,2500.0,2726.493,6055.656459181735,5151.388805654597,5603.522632418166
250,Theo Maledon,Guard,20.0,51.0,7.0,17.8,99.0,114.0,-3.7,-0.7,44.5,24.19354838709677,7.4,15.3,2000.0,2181.195,1314.6748613662826,2384.2612420313226,1849.4680516988026
251,Sandro Mamukelashvili,Forward,22.0,41.0,3.0,9.9,126.0,114.0,0.6,-1.0,59.1,14.285714285714288,10.7,10.7,462.629,504.542,1105.9455589396962,819.1540225793356,962.5497907595159
252,Terance Mann,Forward,25.0,81.0,33.0,28.6,117.0,112.0,-0.8,0.2,53.900000000000006,18.823529411764707,9.7,9.9,1782.621,1944.122,4690.098190291613,5120.881755572939,4905.489972932276
253,Tre Mann,Guard,20.0,60.0,26.0,22.8,97.0,114.0,-3.3,-1.1,47.6,11.224489795918368,6.4,10.2,2901.24,3164.085,3749.3332749882416,3134.93278907558,3442.1330320319107
254,Boban Marjanovic,Center,33.0,23.0,0.0,5.6,101.0,109.0,-3.2,-1.2,60.7,20.0,16.9,15.8,3500.0,3817.091,6195.11834771304,3556.1279299663033,4875.623138839672
255,Lauri Markkanen,Forward,24.0,61.0,61.0,30.8,117.0,110.0,0.4,-0.1,54.2,20.0,10.2,6.5,15690.909,17112.467,11749.835174831476,14257.490436974504,13003.66280590299
256,Naji Marshall,Forward,24.0,55.0,4.0,13.4,103.0,112.0,-2.7,-0.5,44.4,26.53061224489796,10.7,12.9,1517.981,1655.506,1650.67093769085,1892.2556517655885,1771.4632947282194
257,Caleb Martin,Forward,26.0,60.0,12.0,22.9,119.0,108.0,0.1,0.9,58.5,17.647058823529413,9.5,10.3,844.011,920.476,5024.525095060026,1847.4277934467987,3435.9764442534124
258,Cody Martin,Forward,26.0,71.0,11.0,26.3,120.0,114.0,-1.2,0.7,55.400000000000006,18.333333333333336,8.1,11.5,1782.621,1944.122,2593.615779874191,2351.272418172904,2472.4440990235476
259,Kelan Martin,Forward,26.0,30.0,1.0,15.0,100.0,118.0,-2.6,-1.0,47.4,5.263157894736842,6.8,7.3,993.76,1083.792,3065.874555178508,1334.1268305505723,2200.0006928645403
260,KJ Martin,Forward,21.0,79.0,2.0,21.0,118.0,118.0,0.0,-1.2,59.1,15.151515151515152,9.9,9.4,1517.981,1655.506,2269.7231615485043,2044.2734711936,2156.998316371052
261,Garrison Mathews,Guard,25.0,65.0,33.0,26.3,120.0,118.0,-1.3,-1.0,55.00000000000001,30.98591549295775,6.1,7.1,2000.0,2181.195,3278.6222597610226,3973.270294608489,3625.9462771847557
262,Wesley Matthews,Guard,35.0,49.0,14.0,20.4,113.0,116.0,-3.0,-0.3,51.6,8.88888888888889,4.9,7.2,1958.495,2135.929,4920.84672389076,4129.097828829099,4524.972276359929
263,Tyrese Maxey,Guard,21.0,75.0,74.0,35.3,121.0,115.0,1.3,-0.7,55.2,21.052631578947366,5.1,7.4,2602.92,2838.738,10133.092296332212,4685.587413982286,7409.339855157249
264,Skylar Mays,Guard,24.0,28.0,5.0,7.9,113.0,117.0,-1.2,-0.8,56.3,13.043478260869565,6.2,12.8,510.907,557.193,927.1194575043464,773.1504621343352,850.1349598193408
265,Miles McBride,Guard,21.0,40.0,2.0,9.3,98.0,112.0,-5.5,1.0,37.5,7.4074074074074066,6.1,4.2,925.258,1009.084,597.1710533822575,1424.9828550351067,1011.0769542086821
266,CJ McCollum,Guard,30.0,62.0,62.0,34.6,111.0,117.0,3.2,-1.3,53.900000000000006,10.106382978723405,6.9,9.3,30864.198,33660.419,32801.95666524248,29860.030747495304,31330.993706368892
267,TJ McConnell,Guard,29.0,27.0,8.0,24.1,117.0,116.0,-0.4,1.4,50.5,9.09090909090909,7.7,11.7,7500.0,8179.481,8159.327157787417,8939.87059819066,8549.59887798904
268,Jaden McDaniels,Forward,21.0,70.0,31.0,25.8,108.0,113.0,-2.9,-0.1,53.2,10.126582278481012,8.7,11.4,2063.28,2250.208,2651.971331698219,2430.4881408093456,2541.229736253782
269,Jalen McDaniels,Forward,24.0,55.0,2.0,16.3,116.0,114.0,-1.9,-0.4,56.49999999999999,21.73913043478261,10.1,11.2,1782.621,1944.122,1015.285493733554,1927.0581571256043,1471.1718254295793
270,Doug McDermott,Forward,30.0,51.0,51.0,24.0,112.0,118.0,-0.4,-2.1,57.8,8.791208791208792,4.9,8.1,13750.0,14995.716,11925.729601577774,11575.539111533975,11750.634356555875
271,JaVale McGee,Center,34.0,74.0,17.0,15.8,118.0,102.0,-0.1,0.9,63.1,22.58064516129032,22.7,15.8,5000.0,5452.987,7348.28625558562,4902.957425385859,6125.621840485739
272,Rodney McGruder,Guard,30.0,51.0,2.0,14.8,115.0,116.0,-0.7,-0.7,56.39999999999999,9.090909090909092,8.0,9.2,1939.35,2115.05,4918.661202784033,2334.687279764506,3626.6742412742697
273,Jordan McLaughlin,Guard,25.0,62.0,3.0,14.5,122.0,112.0,-1.2,1.6,50.8,15.625,5.6,14.9,2000.0,2181.195,1753.5266479080474,2533.4186059679614,2143.4726269380044
274,Ben McLemore,Guard,28.0,64.0,6.0,20.1,108.0,120.0,-0.7,-2.5,54.1,13.095238095238097,4.4,8.7,2389.641,2606.136,7535.241481873529,7048.201423768102,7291.721452820815
275,De'Anthony Melton,Guard,23.0,73.0,15.0,22.7,108.0,107.0,0.3,1.6,50.4,12.63157894736842,10.4,13.0,8805.976,9603.776,4659.092017318343,3827.8226757749285,4243.457346546636
276,Chimezie Metu,Center,24.0,60.0,20.0,21.3,104.0,111.0,-1.6,0.1,51.6,16.0,14.3,11.1,1762.796,1922.501,4221.132229189361,4008.10706601799,4114.619647603676
277,Khris Middleton,Forward,30.0,66.0,66.0,32.4,112.0,112.0,1.9,-0.3,52.2,25.161290322580644,8.8,14.2,35500.0,38716.214,28571.742920663277,32386.67707767495,30479.209999169114
278,Paul Millsap,Center,36.0,33.0,1.0,11.4,103.0,110.0,-3.7,0.2,42.6,14.285714285714285,16.6,13.1,2641.691,2881.021,5855.428300015314,3393.3188605285245,4624.373580271919
279,Shake Milton,Guard,25.0,55.0,6.0,21.4,109.0,114.0,-1.6,-0.6,48.3,15.068493150684931,6.7,9.2,1846.738,2014.047,3728.687492202912,3937.594330301916,3833.1409112524143
280,Davion Mitchell,Guard,23.0,75.0,19.0,27.7,101.0,118.0,-2.1,-1.7,47.7,6.25,4.4,11.5,4603.2,5020.238,2196.763195734009,4677.899310404557,3437.331253069283
281,Donovan Mitchell,Guard,25.0,67.0,67.0,33.8,114.0,111.0,4.6,-0.3,53.3,19.51219512195122,6.8,11.7,28103.5,30649.609,26175.07696266876,28047.947527435248,27111.512245052007
282,Evan Mobley,Forward,20.0,69.0,69.0,33.8,109.0,107.0,-0.9,1.5,52.2,20.0,13.5,12.4,8075.16,8806.749,11974.29766875708,8838.80442674273,10406.551047749905
283,Malik Monk,Guard,23.0,76.0,37.0,28.1,112.0,115.0,0.5,-1.0,57.8,11.009174311926603,6.4,12.2,1789.256,1951.358,4440.776854256247,2264.2311944527796,3352.5040243545136
284,Moses Moody,Guard,19.0,52.0,11.0,11.7,115.0,111.0,-1.4,-1.1,54.6,14.285714285714285,7.2,6.1,3562.2,3884.926,1368.6765141080923,3775.8399301235086,2572.2582221158004
285,Ja Morant,Guard,22.0,57.0,57.0,33.1,116.0,111.0,6.2,-0.1,53.0,26.699029126213592,9.0,12.6,9603.36,10473.401,26970.323466196314,15572.070742641768,21271.197104419043
286,Marcus Morris,Forward,32.0,54.0,54.0,29.0,108.0,112.0,-0.3,-1.0,50.7,18.75,8.1,8.4,15627.907,17043.757,16712.45719024072,18254.69509957669,17483.576144908704
287,Monte Morris,Guard,26.0,75.0,74.0,29.9,120.0,115.0,0.8,-0.8,56.39999999999999,9.70873786407767,5.6,8.8,8449.074,9214.539,6493.788639504776,10048.186804289928,8270.987721897352
288,Trey Murphy,Forward,21.0,62.0,1.0,13.9,120.0,115.0,0.2,-1.4,52.2,15.555555555555555,9.4,5.1,3053.76,3330.423,1741.0522611951092,3672.1663103178053,2706.609285756457
289,Dejounte Murray,Guard,25.0,68.0,68.0,34.8,113.0,108.0,3.7,1.7,50.0,15.846994535519125,12.5,11.8,15428.88,16826.699,25471.862503281576,17521.692754009095,21496.777628645337
290,Mike Muscala,Center,30.0,43.0,0.0,13.8,124.0,110.0,3.8,1.2,59.7,18.96551724137932,11.2,4.9,3500.0,3817.091,14331.922342269982,4656.9388264139425,9494.430584341962
291,Aaron Nesmith,Forward,22.0,52.0,3.0,11.0,95.0,108.0,-4.9,0.7,48.1,11.428571428571429,8.4,13.8,3631.2,3960.177,1412.9238612200736,3379.4903124620923,2396.207086841083
292,Raul Neto,Guard,29.0,70.0,19.0,19.6,108.0,116.0,-2.5,-0.5,50.2,19.047619047619047,5.4,13.9,2089.448,2278.746,3631.480582614384,2946.465441789493,3288.973012201938
293,Georges Niang,Forward,28.0,76.0,7.0,22.8,113.0,115.0,-0.8,-1.1,57.49999999999999,9.459459459459458,6.5,9.1,3300.0,3598.972,6876.2607117087555,5017.744267363588,5947.002489536171
294,Daishen Nix,Guard,19.0,24.0,0.0,10.9,92.0,116.0,-5.4,-1.0,45.5,25.0,6.9,24.5,923.078,1006.706,1180.152843671083,1411.6980503457225,1295.925447008403
295,Zeke Nnaji,Forward,21.0,41.0,1.0,17.0,123.0,113.0,-0.7,-1.6,61.6,22.22222222222222,11.8,9.7,2498.76,2725.141,1451.5217563482236,2710.023681790793,2080.772719069508
296,Nerlens Noel,Center,27.0,25.0,11.0,22.5,119.0,105.0,-3.1,3.3,53.3,33.333333333333336,13.5,21.5,8800.0,9597.258,3592.290622597644,10409.59222814246,7000.941425370052
297,Jaylen Nowell,Guard,22.0,62.0,1.0,15.7,121.0,115.0,1.5,-0.7,55.1,17.91044776119403,6.8,7.4,1782.621,1944.122,2188.489928642463,2043.0444451436872,2115.767186893075
298,Frank Ntilikina,Guard,23.0,58.0,5.0,11.8,104.0,110.0,-2.8,0.9,48.4,10.526315789473683,6.4,11.7,1789.256,1951.358,1564.155677598239,2090.2619723877838,1827.2088249930114
299,Jusuf Nurkic,Center,27.0,56.0,56.0,28.2,112.0,112.0,0.1,0.2,54.8,30.8411214953271,21.5,16.6,12000.0,13087.17,10235.936680785757,13411.889566388578,11823.913123587168
300,David Nwaba,Forward,29.0,46.0,4.0,13.2,117.0,113.0,-0.6,0.0,52.6,26.31578947368421,13.6,9.3,4650.0,5071.278,6291.436277703929,5415.979990703115,5853.708134203522
301,Jordan Nwora,Forward,23.0,62.0,13.0,19.1,100.0,113.0,-2.7,-1.5,48.8,8.0,9.9,10.6,1517.981,1655.506,1780.1257907222569,1985.3521485585484,1882.7389696404025
302,Royce O'Neale,Forward,28.0,77.0,77.0,31.2,122.0,111.0,-0.8,1.7,59.1,10.344827586206897,8.4,14.4,8800.0,9597.258,16573.75378195419,11732.554664437068,14153.15422319563
303,Semi Ojeleye,Forward,27.0,30.0,0.0,13.5,101.0,114.0,-4.1,-1.6,37.9,24.24242424242425,9.7,7.5,1789.256,1951.358,2073.8868504313396,2321.644871202707,2197.765860817023
304,Chuma Okeke,Forward,23.0,70.0,20.0,25.0,101.0,109.0,-1.6,1.5,47.8,9.756097560975611,10.5,8.6,3277.08,3573.975,3867.9584431433036,3835.7310861183055,3851.8447646308045
305,Josh Okogie,Guard,23.0,49.0,6.0,10.5,107.0,112.0,-3.7,0.9,47.1,33.33333333333333,7.3,15.4,4087.904,4458.258,1136.1633669603552,2854.208200021238,1995.1857834907967
306,Onyeka Okongwu,Center,21.0,48.0,6.0,20.7,138.0,111.0,0.0,0.8,69.0,36.17021276595744,15.6,13.8,6104.28,6657.312,2090.1517110364293,5784.274089370684,3937.2129002035567
307,Isaac Okoro,Forward,21.0,67.0,61.0,29.6,120.0,113.0,-2.4,0.7,54.400000000000006,28.125,5.6,10.4,6720.72,7329.6,2500.243673396659,6544.43593031513,4522.339801855895
308,KZ Okpala,Forward,22.0,21.0,0.0,11.6,113.0,110.0,-3.2,0.4,50.0,12.121212121212125,9.5,6.3,1782.621,1944.122,1102.7511735220373,2108.352106687832,1605.5516401049347
309,Kelly Olynyk,Center,30.0,40.0,1.0,19.1,112.0,112.0,0.5,1.0,51.7,23.61111111111111,12.5,15.1,12195.122,13299.97,10725.759683172953,10361.877395544741,10543.818539358846
310,Cedi Osman,Forward,26.0,66.0,3.0,22.2,111.0,112.0,-0.3,0.5,54.400000000000006,14.942528735632186,5.5,9.6,8133.334,8870.194,4852.671643194727,6934.917359114142,5893.794501154434
311,Kelly Oubre,Forward,26.0,76.0,13.0,26.3,111.0,115.0,0.2,-1.6,54.2,13.821138211382111,8.0,6.2,12000.0,13087.17,4787.661287911418,10143.288898353041,7465.47509313223
312,Kevin Pangos,Guard,29.0,24.0,3.0,6.9,99.0,115.0,-4.7,-1.4,39.1,5.2631578947368425,3.7,12.8,1569.178,1711.341,2702.236384430234,1146.037324474855,1924.1368544525444
313,Eric Paschall,Forward,25.0,58.0,3.0,12.7,123.0,115.0,0.5,-1.0,56.99999999999999,26.829268292682933,7.9,9.0,1782.621,1944.122,2540.903514478019,2292.296984123321,2416.60024930067
314,Chris Paul,Guard,36.0,65.0,65.0,32.9,124.0,107.0,3.1,2.3,53.6,23.00884955752212,7.1,15.6,30800.0,33590.405,29356.5301696162,34252.01649941393,31804.273334515063
315,Cameron Payne,Guard,27.0,58.0,12.0,22.0,104.0,109.0,-0.4,0.4,46.9,12.871287128712872,7.3,14.1,6500.0,7088.884,6725.4719624480795,5879.678835602016,6302.575399025048
316,Elfrid Payton,Guard,27.0,50.0,1.0,11.0,87.0,108.0,-4.6,1.2,39.4,5.714285714285714,8.6,19.9,2239.544,2442.441,3974.720740631478,2015.7525088418586,2995.236624736668
317,Gary Payton II,Guard,29.0,71.0,16.0,17.6,129.0,103.0,0.3,3.4,67.9,10.416666666666668,10.8,9.8,1669.178,1820.401,5058.052907888237,2682.678288662332,3870.3655982752844
318,Mason Plumlee,Center,31.0,73.0,73.0,24.6,122.0,111.0,-1.5,1.5,64.1,20.454545454545453,16.7,20.2,9248.333,10086.209,10639.312426178038,13063.325813388195,11851.319119783117
319,Jakob Poeltl,Center,26.0,68.0,67.0,29.0,123.0,110.0,0.9,0.7,61.9,14.285714285714285,16.9,12.7,8750.0,9542.728,8360.246694956431,9254.452616785551,8807.349655870992
320,Aleksej Pokusevski,Forward,20.0,61.0,12.0,20.2,96.0,111.0,-2.7,0.1,47.0,8.0,13.3,16.4,3113.16,3395.204,3914.7120694373075,3414.0799202176745,3664.395994827491
321,Jordan Poole,Guard,22.0,76.0,51.0,30.0,112.0,110.0,1.3,-0.3,54.8,23.021582733812952,6.2,13.7,2161.44,2357.261,7390.088831432655,3266.1794061149003,5328.134118773778
322,Kevin Porter,Guard,21.0,61.0,61.0,31.3,103.0,117.0,-0.1,-1.6,51.1,15.151515151515152,7.7,17.7,1782.621,1944.122,13264.098279281836,3290.724184905599,8277.411232093717
323,Otto Porter,Forward,28.0,63.0,15.0,22.2,121.0,104.0,1.0,2.1,56.00000000000001,12.121212121212125,14.2,7.7,2389.641,2606.136,11251.764270982436,3924.514773031749,7588.139522007093
324,Bobby Portis,Center,26.0,72.0,59.0,28.2,115.0,110.0,1.2,-1.0,55.50000000000001,9.917355371900827,17.2,8.9,4347.6,4741.482,10520.947974507755,6478.397573412196,8499.672773959976
325,Kristaps Porzingis,Forward,26.0,51.0,51.0,29.0,116.0,107.0,3.3,0.6,51.0,32.66666666666667,15.4,8.3,31650.6,34518.067,15557.940751385187,22436.068785528412,18997.004768456798
326,Dwight Powell,Center,30.0,82.0,71.0,21.9,142.0,110.0,0.4,0.5,68.7,40.81632653061224,12.5,11.5,11080.125,12083.957,7544.052292411212,11388.251492992487,9466.15189270185
327,Norman Powell,Forward,28.0,45.0,41.0,32.4,116.0,119.0,1.2,-1.5,54.900000000000006,31.343283582089555,5.4,8.9,15517.242,16923.066,25018.453593536957,20172.783379932916,22595.618486734937
328,Taurean Prince,Forward,27.0,69.0,8.0,17.1,112.0,112.0,-1.0,0.0,56.39999999999999,15.789473684210526,7.9,11.1,13334.375,14542.437,2578.19235160889,9365.120530728771,5971.6564411688305
329,Payton Pritchard,Guard,24.0,71.0,2.0,14.1,120.0,110.0,1.7,0.1,56.39999999999999,5.660377358490567,7.2,9.7,2137.44,2331.086,2466.710701208357,2492.622594145162,2479.6666476767596
330,Immanuel Quickley,Guard,22.0,78.0,3.0,23.1,114.0,112.0,0.2,0.0,48.7,24.73118279569892,7.4,10.9,2210.64,2410.918,3034.8936950915077,3073.8336494195123,3054.36367225551
331,Julius Randle,Forward,27.0,72.0,72.0,35.3,102.0,109.0,0.4,0.2,45.9,24.277456647398843,15.1,14.7,19800.0,21593.832,20254.05519338863,21302.961187618264,20778.508190503446
332,Austin Reaves,Guard,23.0,61.0,19.0,23.2,123.0,116.0,-1.3,-0.6,54.2,30.76923076923077,7.3,9.8,925.258,1009.084,1262.104730331766,1842.7224572495443,1552.413593790655
333,Cam Reddish,Forward,22.0,49.0,7.0,20.7,105.0,114.0,-1.0,-0.3,48.5,25.301204819277107,5.7,11.1,4670.16,5093.265,4339.49910442202,4648.384084459521,4493.94159444077
334,Davon Reed,Guard,26.0,48.0,5.0,13.9,123.0,112.0,-0.6,0.3,61.8,5.882352941176471,9.0,8.7,532.398,580.631,2344.3924857137536,2775.734238854564,2560.0633622841588
335,Paul Reed,Center,22.0,38.0,2.0,7.9,122.0,100.0,-0.8,2.9,57.3,8.0,17.0,8.9,1517.981,1655.506,1984.4177487854276,1695.2160496166223,1839.816899201025
336,Naz Reid,Center,22.0,77.0,6.0,15.8,113.0,109.0,-0.5,0.5,54.900000000000006,24.19354838709677,13.3,13.2,1782.621,1944.122,2420.966042629893,2414.1538049012897,2417.5599237655915
337,Nick Richards,Center,24.0,50.0,5.0,7.3,122.0,113.0,-2.6,-0.2,66.7,33.33333333333333,12.4,18.1,1517.981,1655.506,520.5826490208029,1950.4790721181855,1235.5308605694943
338,Josh Richardson,Guard,28.0,65.0,7.0,24.6,113.0,110.0,-0.6,0.7,53.400000000000006,18.292682926829272,6.2,10.2,11615.328,12667.648,8662.887642128968,10630.334051265745,9646.610846697356
339,Austin Rivers,Guard,29.0,67.0,18.0,22.1,104.0,115.0,-3.5,-0.3,53.0,9.615384615384617,4.3,12.8,2401.537,2619.11,4933.151020364511,3498.3924684256804,4215.771744395096
340,Duncan Robinson,Guard,27.0,79.0,68.0,25.9,113.0,112.0,-0.3,-0.3,55.900000000000006,6.521739130434782,5.6,7.4,15650.0,17067.852,6927.434648786276,12927.277155814721,9927.355902300498
341,Justin Robinson,Guard,24.0,25.0,0.0,12.2,85.0,116.0,-6.4,-1.3,39.8,5.405405405405405,3.7,15.0,265.953,290.047,1088.0140088550481,546.0616033274292,817.0378060912387
342,Mitchell Robinson,Center,23.0,72.0,62.0,25.7,143.0,106.0,1.0,1.2,76.1,25.0,17.9,12.4,1802.057,1965.319,3357.5230338480137,2515.2395438975745,2936.3812888727944
343,Jeremiah Robinson-Earl,Center,21.0,49.0,36.0,22.2,108.0,113.0,-1.9,-0.4,50.3,12.121212121212125,13.0,10.1,2000.0,2181.195,5371.708788231431,3163.5722322968195,4267.640510264126
344,Isaiah Roby,Forward,23.0,45.0,28.0,21.1,120.0,111.0,0.4,0.2,58.2,23.61111111111111,11.8,10.3,1782.621,1944.122,5213.366832446914,3425.417657323651,4319.392244885283
345,Rajon Rondo,Guard,35.0,39.0,1.0,17.9,101.0,111.0,-2.4,0.7,47.4,11.11111111111111,8.5,26.6,7500.0,8179.481,6825.783973510915,6422.754684075061,6624.269328792988
346,Derrick Rose,Guard,33.0,26.0,4.0,24.5,112.0,112.0,2.3,0.0,51.3,11.428571428571429,6.6,11.9,13445.12,14663.215,17161.690127120433,19682.419578009813,18422.054852565125
347,Terrence Ross,Guard,30.0,63.0,0.0,23.0,100.0,116.0,-2.5,-1.1,46.7,20.454545454545453,5.9,10.9,12500.0,13632.469,7492.994212933262,11897.097748232694,9695.045980582978
348,Terry Rozier,Guard,27.0,73.0,73.0,33.7,117.0,115.0,2.4,-0.7,53.900000000000006,13.125,6.8,7.2,17905.263,19527.436,16840.459437912632,19154.421440050704,17997.44043898167
349,Ricky Rubio,Guard,31.0,34.0,8.0,28.5,102.0,108.0,-1.0,1.2,43.4,21.487603305785125,8.0,16.5,17800.0,19412.636,14081.420019678524,19113.136881117687,16597.278450398106
350,D'Angelo Russell,Guard,25.0,65.0,65.0,32.0,112.0,115.0,2.2,-1.5,50.2,20.0,5.6,13.2,30013.5,32732.65,19514.215640007842,26257.036569655516,22885.62610483168
351,Domantas Sabonis,Center,25.0,62.0,61.0,34.5,121.0,113.0,3.2,0.9,59.8,32.0,19.5,17.5,18500.0,20176.055,22738.607257960986,21210.4897130488,21974.548485504893
352,Olivier Sarr,Center,22.0,22.0,2.0,19.1,123.0,114.0,-2.7,-1.3,63.9,23.913043478260875,11.4,16.2,223.339,243.572,744.566036216201,736.0955129528869,740.330774584544
353,Admiral Schofield,Forward,24.0,38.0,1.0,12.3,102.0,115.0,-4.2,-1.2,51.9,8.823529411764707,10.0,13.4,723.741,789.309,1127.1694338037091,2519.441777637432,1823.3056057205706
354,Landry Shamet,Guard,24.0,69.0,14.0,20.8,111.0,112.0,-0.9,-0.4,52.1,14.285714285714285,4.7,7.3,3768.342,4109.744,2493.2675951818874,4757.240223359487,3625.253909270687
355,Day'Ron Sharpe,Forward,20.0,32.0,8.0,12.2,118.0,111.0,-0.3,-2.5,58.4,17.02127659574468,22.3,15.2,2009.16,2191.185,2116.6724017858287,2381.9730278837087,2249.3227148347687
356,Pascal Siakam,Forward,27.0,68.0,68.0,37.9,116.0,110.0,2.7,0.8,52.5,23.59550561797753,12.2,11.6,33003.936,35994.012,20741.57275695781,29054.90410859718,24898.238432777493
357,Anfernee Simons,Guard,22.0,57.0,30.0,29.5,112.0,121.0,1.9,-2.7,55.50000000000001,12.85714285714286,4.9,11.9,3938.818,4295.665,5767.591111746603,6043.460095448969,5905.525603597785
358,Jericho Sims,Forward,23.0,41.0,5.0,13.5,129.0,109.0,-2.8,1.1,72.2,23.07692307692308,16.4,23.1,462.629,504.542,515.5217029628519,1041.214706140511,778.3682045516814
359,Marcus Smart,Guard,27.0,71.0,71.0,32.3,110.0,107.0,-1.2,1.7,50.1,19.8019801980198,6.4,16.6,13839.285,15093.09,13310.919540887098,17557.84468002682,15434.38211045696
360,Dennis Smith,Guard,24.0,37.0,4.0,17.2,101.0,114.0,-2.8,1.2,43.4,21.5686274509804,7.6,19.0,1789.256,1951.358,2007.0296765449339,1648.7425676775429,1827.8861221112384
361,Jalen Smith,Forward,21.0,51.0,8.0,18.1,119.0,111.0,0.9,-1.4,56.00000000000001,21.73913043478261,18.2,9.6,4458.0,4861.884,2543.1976335603526,3244.472606470135,2893.835120015244
362,Tony Snell,Guard,30.0,53.0,12.0,15.5,106.0,119.0,-3.4,-0.8,53.5,3.125,6.9,9.9,2389.641,2606.136,3277.3454813188077,2805.8786961830315,3041.6120887509196
363,Lance Stephenson,Guard,31.0,46.0,1.0,17.7,107.0,117.0,-1.6,-1.6,49.7,20.0,8.7,16.7,1614.825,1761.124,6695.924020889865,2214.3094169772817,4455.116718933573
364,Lamar Stevens,Forward,24.0,63.0,13.0,16.1,107.0,110.0,-3.2,0.3,51.7,15.686274509803924,8.9,10.4,1517.981,1655.506,1242.6860570922026,2045.5700194392705,1644.1280382657364
365,Isaiah Stewart,Center,20.0,71.0,71.0,25.6,113.0,112.0,-2.5,-0.8,52.6,14.492753623188406,18.4,13.7,3277.08,3573.975,3765.514983626229,4479.359240966135,4122.437112296182
366,Max Strus,Forward,25.0,68.0,16.0,23.3,116.0,112.0,1.4,-0.4,60.2,7.228915662650602,7.2,8.8,1669.178,1820.401,5849.117446051809,3102.5603033976986,4475.838874724754
367,Jalen Suggs,Guard,20.0,48.0,45.0,27.2,88.0,112.0,-5.3,-0.2,40.0,22.807017543859647,6.9,18.7,6592.92,7190.222,5089.485652705112,6513.050336443185,5801.267994574149
368,Keifer Sykes,Guard,28.0,32.0,11.0,17.7,94.0,120.0,-4.4,-2.5,43.4,8.47457627118644,4.4,14.3,558.345,608.929,4305.5787953800545,1124.853289445262,2715.216042412658
369,Jae'Sean Tate,Forward,26.0,78.0,77.0,26.4,111.0,116.0,-1.3,-0.5,54.1,18.27956989247312,11.2,14.6,1517.981,1655.506,5812.844142324188,9696.941786949312,7754.892964636751
370,Jayson Tatum,Forward,23.0,76.0,76.0,35.9,113.0,106.0,4.3,0.6,52.6,25.728155339805824,12.1,10.9,28103.5,30649.609,23355.759983148473,22295.44909968992,22825.604541419198
371,Terry Taylor,Guard,22.0,33.0,7.0,21.6,135.0,119.0,2.2,-2.7,64.1,16.417910447761194,13.4,8.7,895.125,976.221,2220.5928965622074,1510.799331654653,1865.6961141084303
372,Garrett Temple,Guard,35.0,59.0,16.0,18.6,101.0,113.0,-2.8,0.3,47.6,10.0,7.2,11.8,4910.0,5354.834,5148.462839940917,4975.3252739362115,5061.894056938564
373,Daniel Theis,Center,29.0,47.0,27.0,20.8,113.0,112.0,-1.9,-0.2,57.6,16.129032258064516,12.7,12.5,8280.351,9030.53,10966.062678998023,8634.044907164945,9800.053793081484
374,Cam Thomas,Guard,20.0,67.0,2.0,17.6,103.0,115.0,-2.0,-1.4,48.0,17.333333333333336,7.5,9.1,2036.28,2220.762,1503.2104929248453,2387.181019071927,1945.1957559983862
375,Isaiah Thomas,Guard,32.0,22.0,1.0,15.1,104.0,117.0,-1.9,-2.6,48.5,13.157894736842104,4.6,7.8,910.926,993.452,6622.960220211283,1767.0285214779308,4194.994370844607
376,Matt Thomas,Guard,27.0,40.0,0.0,11.5,113.0,117.0,-1.2,-1.4,54.1,11.764705882352942,6.1,5.3,1669.178,1820.401,2498.833737413864,2278.2239308813355,2388.5288341476
377,Klay Thompson,Guard,31.0,32.0,32.0,29.4,107.0,110.0,2.6,-1.6,52.900000000000006,7.82122905027933,7.3,6.7,37980.72,41421.681,24067.756709819223,29935.046548385875,27001.401629102547
378,Tristan Thompson,Forward,30.0,57.0,6.0,15.7,112.0,114.0,-1.6,-1.5,53.0,23.404255319148938,17.7,12.4,9946.611,10847.749,4828.227783592293,8444.567036316848,6636.39740995457
379,JT Thor,Forward,19.0,33.0,0.0,7.9,108.0,114.0,-3.1,0.1,50.0,23.529411764705884,8.7,13.6,1250.0,1363.246,844.6742086377117,1450.6013428453748,1147.6377757415432
380,Matisse Thybulle,Guard,24.0,66.0,50.0,25.5,116.0,108.0,-2.2,3.3,57.49999999999999,11.11111111111111,5.0,10.9,2840.16,3097.471,3336.7708318956606,4593.522108486964,3965.146470191312
381,Killian Tillie,Center,23.0,36.0,3.0,12.8,101.0,109.0,-3.8,1.1,44.5,2.857142857142857,6.8,9.1,1901.625,2073.907,2263.4894899979486,2637.041838408061,2450.2656642030047
382,Xavier Tillman,Forward,23.0,53.0,2.0,13.2,112.0,107.0,-1.1,1.8,47.7,21.951219512195124,12.0,12.1,1517.981,1655.506,2273.76288947507,2030.587680851029,2152.1752851630495
383,Obi Toppin,Forward,23.0,72.0,10.0,17.1,120.0,111.0,1.7,0.3,58.6,19.6969696969697,11.7,9.6,5105.16,5567.675,2622.0945802117303,4614.784639968426,3618.439610090078
384,Juan Toscano-Anderson,Forward,28.0,73.0,6.0,13.6,106.0,106.0,-3.3,2.4,54.900000000000006,15.625,9.7,20.4,1701.593,1855.753,4767.280184964649,4593.550988550516,4680.415586757583
385,Karl-Anthony Towns,Center,26.0,74.0,74.0,33.5,121.0,110.0,4.5,0.5,59.1,31.70731707317074,15.7,13.7,31650.6,34518.067,26071.11695370746,28666.975784176302,27369.046368941883
386,Gary Trent Jr,Guard,23.0,70.0,69.0,35.0,114.0,112.0,-0.1,0.3,51.1,16.129032258064516,4.2,5.8,16225.0,17694.945,9838.610058444718,11893.883488994707,10866.246773719711
387,PJ Tucker,Forward,36.0,71.0,70.0,27.9,120.0,110.0,-0.8,1.4,57.7,10.0,11.1,12.7,7000.0,7634.183,9803.83488856863,7645.785342323556,8724.810115446093
388,Myles Turner,Center,25.0,42.0,42.0,29.4,117.0,111.0,0.1,1.4,58.7,20.212765957446805,13.4,10.9,18000.0,19630.756,10510.50596527761,12101.937432900113,11306.221699088863
389,Jonas Valanciunas,Center,29.0,74.0,74.0,30.3,118.0,111.0,2.0,-0.1,57.4,25.196850393700792,20.8,14.4,14000.0,15268.366,28435.915359585553,21115.572785052045,24775.744072318797
390,Denzel Valentine,Guard,28.0,24.0,0.0,9.3,98.0,110.0,-3.1,0.4,52.3,0.0,10.4,15.4,1005.633,1096.74,5057.1470624063895,1429.6070668377938,3243.377064622092
391,Jarred Vanderbilt,Forward,22.0,74.0,67.0,25.4,127.0,108.0,-0.8,1.0,59.0,24.489795918367346,17.8,14.8,4050.0,4416.92,3145.1375508298847,4738.042862154355,3941.59020649212
392,Fred VanVleet,Guard,27.0,65.0,65.0,37.9,115.0,111.0,3.1,0.5,51.3,17.751479289940832,6.4,12.5,19675.926,21458.517,22788.006412133174,17741.037455332946,20264.52193373306
393,Devin Vassell,Forward,21.0,71.0,32.0,27.3,109.0,112.0,-0.5,0.0,51.6,11.11111111111111,8.3,6.7,4235.16,4618.855,4862.716177594269,3092.1038559847684,3977.4100167895185
394,Gabe Vincent,Guard,25.0,68.0,27.0,23.4,107.0,111.0,-1.9,0.5,53.3,8.0,4.5,15.4,1669.178,1820.401,4990.965524580058,3523.8041182725897,4257.3848214263235
395,Nikola Vucevic,Center,31.0,73.0,73.0,33.1,107.0,110.0,0.8,0.1,51.8,8.227848101265822,18.7,10.1,24000.0,26174.341,33221.99576971941,21072.36500239557,27147.18038605749
396,Dean Wade,Forward,25.0,51.0,28.0,19.2,122.0,111.0,-1.9,1.3,57.4,9.30232558139535,8.5,6.5,1782.621,1944.122,2348.5237648202415,2284.385141984064,2316.4544534021525
397,Franz Wagner,Forward,20.0,79.0,79.0,30.7,110.0,114.0,-0.4,-0.3,51.7,19.51219512195122,7.7,10.0,5007.84,5461.538,10873.719545342048,6496.408980559957,8685.064262951002
398,Moritz Wagner,Center,24.0,63.0,3.0,15.2,118.0,112.0,1.5,0.1,58.1,26.984126984126984,12.8,11.0,1729.217,1885.879,3592.3750510826553,2287.0025327859803,2939.688791934318
399,Kemba Walker,Guard,31.0,37.0,37.0,25.6,112.0,113.0,0.7,-0.2,50.1,16.0,6.3,10.7,34967.442,38135.407,16275.612659096481,14895.417656403482,15585.515157749982
400,Lonnie Walker,Guard,23.0,70.0,6.0,23.0,103.0,115.0,-1.2,-1.3,48.0,15.596330275229356,5.9,7.9,4447.896,4850.864,2880.654426700901,4615.096448411533,3747.8754375562166
401,Brad Wanamaker,Guard,32.0,23.0,2.0,13.9,100.0,118.0,-5.3,-0.5,39.0,30.303030303030305,6.8,20.7,814.918,888.747,3607.50389678927,1631.8771238059198,2619.690510297595
402,PJ Washington,Center,23.0,65.0,28.0,27.2,114.0,113.0,-0.2,0.2,57.3,10.975609756097562,10.1,12.6,4215.12,4596.999,5351.8482463995415,3974.5169142590353,4663.182580329289
403,Yuta Watanabe,Forward,27.0,38.0,4.0,11.7,106.0,110.0,-1.9,0.0,50.4,16.666666666666664,11.2,10.9,1762.796,1922.501,3741.8455038326006,2449.7057846284206,3095.775644230511
404,Lindy Waters III,Guard,24.0,25.0,1.0,18.6,110.0,112.0,-0.8,-0.8,55.7,2.857142857142857,8.1,5.8,159.527,173.979,2332.412873083248,2456.8231463381635,2394.618009710706
405,Trendon Watford,Forward,21.0,48.0,10.0,18.1,118.0,116.0,-1.4,-0.4,54.900000000000006,26.785714285714285,12.6,12.5,768.83,838.484,1415.0380085440027,1455.6184934437188,1435.3282509938608
406,Russell Westbrook,Guard,33.0,78.0,78.0,34.3,102.0,114.0,-0.7,-0.9,47.6,21.51898734177215,11.6,17.3,44211.146,48216.568,25088.62911464263,35869.10843929013,30478.86877696638
407,Coby White,Guard,21.0,61.0,17.0,27.5,111.0,117.0,-0.4,-1.7,53.900000000000006,12.264150943396228,6.1,9.3,5837.76,6366.646,2970.3045222589385,5342.460860047446,4156.382691153192
408,Derrick White,Guard,27.0,75.0,52.0,29.3,114.0,112.0,0.4,0.6,49.3,25.233644859813086,6.3,11.6,15678.571,17099.011,7831.55781221495,11887.510197009113,9859.534004612031
409,Hassan Whiteside,Center,32.0,65.0,8.0,17.9,132.0,104.0,0.6,1.4,65.2,31.37254901960785,23.3,11.6,2401.537,2619.11,7155.835257995032,4667.563260221639,5911.699259108336
410,Joe Wieskamp,Guard,22.0,29.0,0.0,7.1,107.0,117.0,-2.9,-1.1,48.2,10.526315789473683,3.6,3.1,563.663,614.729,648.8872498657825,894.895023282897,771.8911365743397
411,Aaron Wiggins,Guard,23.0,50.0,35.0,24.2,107.0,116.0,-3.4,-0.9,52.5,17.91044776119403,7.6,12.6,1305.761,1424.059,2597.631718559368,4789.216731628057,3693.4242250937123
412,Andrew Wiggins,Forward,26.0,73.0,73.0,31.9,109.0,109.0,0.3,0.1,54.3,14.285714285714285,7.6,9.0,31579.39,34440.406,17008.227474743806,29379.221721517548,23193.724598130677
413,Brandon Williams,Guard,22.0,24.0,16.0,26.7,96.0,118.0,-2.6,-3.1,42.7,23.72881355932203,6.4,15.2,180.798,197.177,3080.3329906323024,921.711770624358,2001.0223806283302
414,Grant Williams,Forward,23.0,77.0,21.0,24.4,122.0,109.0,-1.4,1.1,59.7,19.642857142857142,7.9,11.6,2617.8,2854.966,2419.4946970600986,2959.769696346309,2689.6321967032036
415,Kenrich Williams,Forward,27.0,49.0,0.0,21.9,111.0,113.0,-1.3,1.1,52.5,9.23076923076923,10.5,11.9,2000.0,2181.195,5039.719388449751,3511.0754260998906,4275.397407274821
416,Robert Williams,Center,24.0,61.0,61.0,29.6,148.0,102.0,2.4,3.1,73.6,18.333333333333336,17.6,13.4,3661.976,3993.742,5214.004634109612,4192.501204770252,4703.252919439932
417,Ziaire Williams,Forward,20.0,62.0,31.0,21.7,113.0,114.0,-2.4,-0.6,54.0,10.294117647058822,5.0,8.4,4373.04,4769.226,2737.667339244177,5301.581611469544,4019.624475356861
418,Dylan Windler,Forward,25.0,50.0,0.0,9.2,110.0,110.0,-2.9,1.2,48.5,15.0,10.7,13.1,2239.2,2442.066,1666.364335833786,2428.048568572647,2047.2064522032165
419,Justise Winslow,Forward,25.0,48.0,11.0,16.1,100.0,109.0,-2.7,1.0,45.7,14.814814814814811,14.0,14.6,3902.439,4255.99,4067.1758318562897,3867.4139678975007,3967.294899876895
420,Christian Wood,Center,26.0,68.0,67.0,30.8,114.0,113.0,2.1,-0.4,57.6,23.25581395348837,18.0,11.0,13666.667,14904.833,20479.23955315075,18674.359710609308,19576.79963188003
421,Delon Wright,Guard,29.0,77.0,8.0,18.9,126.0,112.0,-0.2,2.4,53.5,20.0,8.3,13.2,8526.316,9298.779,3951.3925640762213,6682.219948217346,5316.806256146784
422,Thaddeus Young,Forward,33.0,52.0,1.0,16.3,113.0,108.0,0.1,2.1,55.00000000000001,7.6923076923076925,13.1,15.0,14190.0,15475.579,9472.280364557359,10753.191610674081,10112.73598761572
423,Trae Young,Guard,23.0,76.0,76.0,34.9,119.0,118.0,7.1,-2.0,53.6,32.51231527093596,5.9,14.5,8326.471,9080.829,23791.510043492926,11533.107511317376,17662.308777405153
424,Omer Yurtseven,Center,23.0,56.0,12.0,12.6,112.0,104.0,-1.4,0.4,52.8,15.909090909090908,23.6,13.0,1489.065,1623.97,2597.1128514190914,2445.7907952360597,2521.4518233275758
425,Cody Zeller,Center,29.0,27.0,0.0,13.1,127.0,116.0,-1.2,-1.0,56.7,42.42424242424242,19.3,14.6,2389.641,2606.136,4012.3259556036455,2873.857739115438,3443.091847359542
426,Ivica Zubac,Center,24.0,76.0,76.0,24.4,126.0,107.0,-0.1,0.8,62.6,33.84615384615385,18.4,16.1,7518.518,8199.677,4671.590400290827,6680.765817333405,5676.178108812116
