,Player,Pos,Age,G,GS,MP,OBPM,DBPM,ORtg,DRtg,Salary,Salary Adjusted
0,Precious Achiuwa,Forward,21.0,61.0,4.0,12.1,-3.6,-0.5,107.0,109.0,2582160,2967925
1,Steven Adams,Center,27.0,58.0,58.0,27.7,-0.4,0.1,122.0,112.0,29592695,34013743
2,Bam Adebayo,Center,23.0,64.0,64.0,33.5,2.9,2.0,122.0,108.0,5115492,5879729
3,LaMarcus Aldridge,Center,35.0,26.0,23.0,25.9,-0.2,-0.2,109.0,113.0,17628340,20261954
4,Nickeil Alexander-Walker,Guard,22.0,46.0,13.0,21.9,-1.4,0.1,101.0,112.0,3113160,3578255
5,Grayson Allen,Guard,25.0,50.0,38.0,25.2,-0.2,0.1,116.0,113.0,2545320,2925582
6,Jarrett Allen,Center,22.0,63.0,45.0,29.6,1.3,-0.2,127.0,112.0,3909902,4494028
7,Al-Farouq Aminu,Forward,30.0,23.0,14.0,18.9,-4.9,1.1,91.0,111.0,9720900,11173169
8,Kyle Anderson,Forward,27.0,69.0,69.0,27.3,1.4,1.9,118.0,109.0,9505100,10925129
9,Giannis Antetokounmpo,Forward,26.0,61.0,61.0,33.0,6.2,2.8,122.0,107.0,27528088,31640691
10,Thanasis Antetokounmpo,Forward,28.0,57.0,3.0,9.7,-3.7,0.2,104.0,112.0,1701593,1955805
11,Carmelo Anthony,Forward,36.0,69.0,3.0,24.5,0.2,-1.3,112.0,117.0,2564753,2947918
12,Cole Anthony,Guard,20.0,47.0,34.0,27.1,-1.9,-1.4,98.0,116.0,3285120,3775905
13,OG Anunoby,Forward,23.0,43.0,43.0,33.3,0.8,0.4,113.0,112.0,3872215,4450710
14,Ryan Arcidiacono,Guard,26.0,44.0,0.0,10.2,-2.6,0.3,118.0,114.0,3000000,3448189
15,Trevor Ariza,Forward,35.0,30.0,27.0,28.0,-1.2,0.1,111.0,111.0,12800000,14712276
16,DJ Augustin,Guard,33.0,57.0,12.0,19.8,-0.6,-1.5,117.0,117.0,6666667,7662644
17,Deni Avdija,Forward,20.0,54.0,32.0,23.3,-3.6,0.4,103.0,113.0,4469160,5136837
18,Deandre Ayton,Center,22.0,69.0,69.0,30.7,1.1,0.1,127.0,109.0,10018200,11514885
19,Dwayne Bacon,Guard,25.0,72.0,50.0,25.7,-3.7,-1.4,102.0,117.0,1678854,1929669
20,Marvin Bagley,Forward,21.0,43.0,42.0,25.9,-0.4,-2.7,109.0,117.0,8963640,10302777
21,LaMelo Ball,Guard,19.0,51.0,31.0,28.8,1.1,0.7,108.0,110.0,7839960,9011223
22,Lonzo Ball,Guard,23.0,55.0,55.0,31.8,1.4,0.3,110.0,113.0,11003782,12647709
23,Mo Bamba,Center,22.0,46.0,5.0,15.8,0.2,0.0,111.0,109.0,5969040,6860794
24,Desmond Bane,Guard,22.0,68.0,17.0,22.3,-0.6,-0.2,115.0,114.0,1936440,2225737
25,Harrison Barnes,Forward,28.0,58.0,58.0,36.2,1.5,-1.3,123.0,119.0,22215909,25534890
26,RJ Barrett,Guard,20.0,72.0,72.0,34.9,-0.9,-0.3,106.0,110.0,8231760,9461557
27,Will Barton,Forward,30.0,56.0,52.0,31.0,-1.0,-0.8,107.0,114.0,13723214,15773415
28,Keita Bates-Diop,Forward,25.0,30.0,0.0,8.2,-2.3,0.4,106.0,111.0,449115,516211
29,Nicolas Batum,Forward,32.0,67.0,38.0,27.4,0.6,1.5,124.0,110.0,11608231,13342461
30,Aron Baynes,Center,34.0,53.0,31.0,18.5,-3.4,-1.1,104.0,113.0,7000000,8045776
31,Kent Bazemore,Forward,31.0,67.0,18.0,19.9,-2.9,1.7,101.0,108.0,2320044,2666650
32,Darius Bazley,Forward,20.0,55.0,55.0,31.2,-3.1,-1.3,93.0,114.0,2399160,2757586
33,Bradley Beal,Guard,27.0,60.0,60.0,35.8,4.8,-1.4,114.0,115.0,28751774,33047191
34,Malik Beasley,Guard,24.0,37.0,36.0,32.8,1.6,-1.8,109.0,118.0,13425895,15431678
35,DeAndre Bembry,Forward,26.0,51.0,12.0,19.1,-3.2,1.4,104.0,111.0,1737145,1996668
36,Davis Bertans,Forward,28.0,57.0,7.0,25.7,0.3,-1.1,120.0,116.0,15000000,17240949
37,Patrick Beverley,Guard,32.0,37.0,34.0,22.5,-0.7,1.4,118.0,110.0,13333333,15325287
38,Saddiq Bey,Forward,21.0,70.0,53.0,27.3,0.3,-0.8,112.0,114.0,2689920,3091784
39,Khem Birch,Center,28.0,67.0,22.0,22.8,-1.0,0.1,121.0,113.0,3011499,3461406
40,Goga Bitadze,Center,21.0,45.0,3.0,12.5,-2.0,1.0,116.0,109.0,2957520,3399363
41,Bismack Biyombo,Center,28.0,66.0,36.0,20.4,-3.4,0.4,113.0,113.0,3500000,4022888
42,Nemanja Bjelica,Forward,32.0,37.0,3.0,16.1,-1.4,-0.8,111.0,116.0,7150000,8218185
43,Eric Bledsoe,Guard,31.0,71.0,70.0,29.7,-1.2,-0.9,108.0,116.0,16875000,19396067
44,Bogdan Bogdanovic,Guard,28.0,44.0,27.0,29.7,3.3,0.3,122.0,114.0,18000000,20689139
45,Bojan Bogdanovic,Forward,31.0,72.0,72.0,30.8,0.2,-0.7,113.0,112.0,17850000,20516729
46,Bol Bol,Forward,21.0,32.0,2.0,5.0,-3.8,-0.3,92.0,111.0,2058240,2365734
47,Isaac Bonga,Forward,21.0,40.0,8.0,10.8,-5.8,0.0,90.0,114.0,1663861,1912436
48,Devin Booker,Guard,24.0,67.0,67.0,33.9,1.7,-1.4,110.0,114.0,29467800,33870189
49,Chris Boucher,Center,28.0,60.0,14.0,24.2,2.7,0.6,127.0,109.0,6500000,7471078
50,Avery Bradley,Guard,30.0,27.0,6.0,22.3,-4.9,-0.5,94.0,116.0,5635000,6476849
51,Tony Bradley,Center,23.0,42.0,8.0,16.3,1.2,0.1,131.0,109.0,3542060,4071231
52,Jarrell Brantley,Forward,24.0,28.0,0.0,4.9,0.6,1.6,120.0,107.0,510586,586865
53,Mikal Bridges,Forward,24.0,72.0,72.0,32.6,2.4,0.9,131.0,112.0,4359000,5010219
54,Miles Bridges,Forward,22.0,66.0,19.0,29.3,0.2,0.1,116.0,113.0,3934320,4522094
55,Oshae Brissett,Forward,22.0,21.0,16.0,24.7,1.1,-0.5,129.0,111.0,1255493,1443058
56,Malcolm Brogdon,Guard,28.0,56.0,56.0,34.5,3.0,-0.9,113.0,115.0,20700000,23792509
57,Armoni Brooks,Guard,22.0,20.0,5.0,26.0,-1.1,-2.1,105.0,117.0,135362,155584
58,Dillon Brooks,Forward,25.0,67.0,67.0,29.8,-2.6,-1.1,102.0,113.0,11400000,13103121
59,Bruce Brown,Guard,24.0,65.0,37.0,22.3,-0.4,0.2,124.0,112.0,1663861,1912436
60,Jaylen Brown,Guard,24.0,58.0,58.0,34.5,3.2,-0.7,112.0,113.0,25035118,28775279
61,Moses Brown,Center,21.0,43.0,32.0,21.4,-1.3,-1.2,117.0,109.0,1250000,1436745
62,Sterling Brown,Guard,25.0,51.0,14.0,24.1,-1.6,0.0,114.0,116.0,1678854,1929669
63,Troy Brown,Forward,21.0,34.0,0.0,15.4,-3.3,-0.6,103.0,114.0,3372840,3876730
64,Jalen Brunson,Guard,24.0,68.0,12.0,25.0,1.5,-0.6,123.0,116.0,1663861,1912436
65,Reggie Bullock,Forward,29.0,65.0,64.0,30.0,-0.9,0.8,118.0,111.0,4200000,4827465
66,Trey Burke,Guard,28.0,62.0,1.0,14.7,-1.4,-0.4,110.0,115.0,3000000,3448189
67,Alec Burks,Guard,29.0,49.0,5.0,25.6,0.9,0.6,114.0,109.0,6000000,6896379
68,Jimmy Butler,Forward,31.0,52.0,52.0,33.6,5.4,2.3,127.0,108.0,34379100,39515221
69,Devontae Cacok,Forward,24.0,20.0,1.0,4.9,-1.5,0.4,111.0,102.0,449115,516211
70,Kentavious Caldwell-Pope,Guard,27.0,67.0,67.0,28.4,-1.6,1.0,114.0,109.0,12073020,13876688
71,Facundo Campazzo,Guard,29.0,65.0,19.0,21.9,-1.7,1.2,117.0,112.0,3200000,3678069
72,Vlatko Cancar,Forward,23.0,41.0,1.0,6.9,-2.6,0.0,104.0,112.0,1517981,1744762
73,Clint Capela,Center,26.0,63.0,63.0,30.1,2.7,0.0,125.0,106.0,18000000,20689139
74,Jevon Carter,Guard,25.0,60.0,1.0,12.0,-0.4,0.9,115.0,111.0,3925000,4511381
75,Wendell Carter,Center,21.0,54.0,44.0,25.5,-1.1,-0.2,114.0,111.0,5448840,6262878
76,Michael Carter-Williams,Guard,29.0,31.0,25.0,25.8,-4.6,-0.2,93.0,115.0,3300000,3793008
77,Alex Caruso,Guard,26.0,58.0,6.0,21.0,-2.5,2.5,106.0,106.0,2750000,3160840
78,Willie Cauley-Stein,Center,27.0,53.0,16.0,17.1,-2.2,0.9,128.0,110.0,4100000,4712526
79,Chris Chiozza,Guard,25.0,22.0,1.0,10.5,-0.1,-0.6,108.0,115.0,449115,516211
80,Gary Clark,Forward,26.0,39.0,11.0,16.8,-4.2,-0.7,97.0,117.0,2018458,2320008
81,Brandon Clarke,Forward,24.0,59.0,16.0,24.0,0.4,1.2,119.0,109.0,2602920,2991787
82,Jordan Clarkson,Guard,28.0,68.0,1.0,26.7,1.8,-0.4,109.0,110.0,11500000,13218061
83,Nicolas Claxton,Center,21.0,32.0,1.0,18.6,-1.0,1.4,124.0,108.0,1517981,1744762
84,Amir Coffey,Guard,23.0,44.0,1.0,9.0,-1.9,-0.1,115.0,114.0,578842,665319
85,John Collins,Forward,23.0,63.0,63.0,29.3,2.5,-0.2,125.0,112.0,4137302,4755400
86,Mike Conley,Guard,33.0,51.0,51.0,29.4,3.6,1.3,123.0,109.0,34502132,39656633
87,Pat Connaughton,Guard,28.0,69.0,4.0,22.8,-0.5,0.5,121.0,112.0,4938273,5676034
88,Quinn Cook,Guard,27.0,23.0,0.0,6.8,-1.0,-0.2,107.0,114.0,1981649,2277700
89,Tyler Cook,Forward,23.0,32.0,1.0,13.7,-2.2,-0.9,118.0,115.0,693141,796693
90,DeMarcus Cousins,Center,30.0,41.0,11.0,17.4,-1.2,1.6,103.0,107.0,3051832,3507765
91,Robert Covington,Forward,30.0,70.0,70.0,32.0,-1.3,1.5,113.0,112.0,12138345,13951772
92,Torrey Craig,Forward,30.0,50.0,8.0,16.1,-0.3,0.7,120.0,109.0,1678854,1929669
93,Jae Crowder,Forward,30.0,60.0,42.0,27.5,0.3,0.8,113.0,111.0,9258000,10641113
94,Jarrett Culver,Guard,21.0,34.0,7.0,14.7,-4.5,-1.1,96.0,115.0,6104280,7016238
95,Seth Curry,Guard,30.0,57.0,57.0,28.7,0.1,-0.4,118.0,112.0,7834449,9004889
96,Stephen Curry,Guard,32.0,63.0,63.0,34.2,8.3,0.4,119.0,111.0,43006362,49431367
97,Anthony Davis,Forward,27.0,36.0,36.0,32.3,2.6,2.2,110.0,104.0,32742000,37633544
98,Ed Davis,Center,31.0,23.0,7.0,13.0,-3.3,1.1,130.0,110.0,5005350,5753132
99,Terence Davis,Guard,23.0,61.0,4.0,17.6,-0.9,-0.9,104.0,115.0,1517981,1744762
100,DeMar DeRozan,Forward,31.0,61.0,61.0,33.7,3.2,-0.1,122.0,115.0,27739975,31884233
101,Hamidou Diallo,Forward,22.0,52.0,9.0,23.6,-2.2,0.1,106.0,112.0,1663861,1912436
102,Gorgui Dieng,Center,31.0,38.0,1.0,14.5,1.8,1.5,127.0,109.0,17587688,20215228
103,Donte DiVincenzo,Guard,24.0,66.0,66.0,27.5,-0.2,0.4,112.0,112.0,3044160,3498947
104,Luka Doncic,Guard,21.0,66.0,66.0,34.3,6.1,0.7,114.0,111.0,8049360,9251907
105,Luguentz Dort,Guard,21.0,52.0,52.0,29.7,-2.6,-0.9,100.0,116.0,1517981,1744762
106,Damyean Dotson,Guard,26.0,46.0,7.0,19.7,-3.4,-1.4,99.0,118.0,2000000,2298793
107,Sekou Doumbouya,Forward,20.0,56.0,11.0,15.5,-5.4,-1.3,93.0,114.0,3449400,3964728
108,PJ Dozier,Guard,24.0,50.0,6.0,21.8,-2.3,-0.4,104.0,113.0,1762796,2026151
109,Goran Dragic,Guard,34.0,50.0,11.0,26.7,-1.1,-1.3,104.0,114.0,18000000,20689139
110,Andre Drummond,Center,27.0,46.0,46.0,27.0,-1.7,0.5,101.0,104.0,28751774,33047190
111,Kevin Durant,Forward,32.0,35.0,32.0,33.1,6.4,0.8,122.0,112.0,40108950,46101091
112,Anthony Edwards,Guard,19.0,72.0,55.0,32.1,-0.4,-1.7,102.0,116.0,9757440,11215168
113,Carsen Edwards,Guard,22.0,31.0,1.0,8.9,-3.2,-1.3,108.0,116.0,1517981,1744762
114,CJ Elleby,Forward,20.0,30.0,0.0,6.4,-4.0,-0.9,105.0,117.0,898310,1032514
115,Wayne Ellington,Guard,33.0,46.0,31.0,22.0,1.1,-1.3,118.0,117.0,3564753,4097314
116,Joel Embiid,Center,26.0,51.0,51.0,31.1,6.3,1.2,121.0,104.0,29542010,33955486
117,James Ennis,Forward,30.0,41.0,37.0,24.0,-1.9,-0.3,120.0,115.0,3300000,3793008
118,Drew Eubanks,Center,23.0,54.0,3.0,14.0,-1.0,1.0,118.0,109.0,1620564,1862670
119,Derrick Favors,Center,29.0,68.0,0.0,15.3,0.3,2.4,138.0,103.0,9258000,10641113
120,Bruno Fernando,Center,22.0,33.0,0.0,6.8,-6.1,-0.4,86.0,111.0,1517981,1744762
121,Dorian Finney-Smith,Forward,27.0,60.0,60.0,32.0,0.2,0.0,124.0,114.0,4000000,4597586
122,Malachi Flynn,Guard,22.0,47.0,14.0,19.7,-2.5,-0.2,103.0,114.0,1950600,2242013
123,Bryn Forbes,Guard,27.0,70.0,10.0,19.3,0.4,-1.7,119.0,117.0,2337145,2686306
124,Trent Forrest,Guard,22.0,30.0,0.0,10.1,-2.5,1.2,113.0,110.0,470690,541009
125,Evan Fournier,Forward,28.0,42.0,36.0,30.0,1.5,-0.4,115.0,115.0,17150000,19712152
126,De'Aaron Fox,Guard,23.0,58.0,58.0,35.1,3.1,-1.3,113.0,118.0,8099627,9309683
127,Wenyen Gabriel,Forward,23.0,21.0,0.0,11.5,-3.2,-0.1,104.0,112.0,1620564,1862670
128,Daniel Gafford,Center,22.0,54.0,11.0,14.6,0.6,1.6,131.0,107.0,1517981,1744762
129,Danilo Gallinari,Forward,32.0,51.0,4.0,24.0,1.7,-0.6,123.0,114.0,19500000,22413234
130,Langston Galloway,Guard,29.0,40.0,0.0,11.0,-0.1,-0.8,118.0,115.0,2028594,2331659
131,Darius Garland,Guard,21.0,54.0,50.0,33.1,0.0,-2.1,105.0,117.0,6720720,7724772
132,Marc Gasol,Center,36.0,52.0,42.0,19.1,-1.4,3.7,115.0,105.0,2564753,2947918
133,Rudy Gay,Forward,34.0,63.0,1.0,21.6,-0.1,0.0,103.0,111.0,14500000,16666250
134,Paul George,Forward,30.0,54.0,54.0,33.7,3.9,0.3,113.0,110.0,35450412,40746583
135,Taj Gibson,Center,35.0,45.0,3.0,20.8,-0.7,2.1,139.0,105.0,3283684,3774255
136,Harry Giles,Center,22.0,38.0,0.0,9.2,-3.2,0.2,106.0,111.0,1620564,1862670
137,Shai Gilgeous-Alexander,Guard,22.0,35.0,35.0,33.7,3.9,0.2,118.0,115.0,4141320,4760019
138,Anthony Gill,Forward,28.0,26.0,4.0,8.4,-1.6,0.3,120.0,111.0,898310,1032514
139,Freddie Gillespie,Forward,23.0,20.0,2.0,19.6,-3.1,-0.1,120.0,111.0,363015,417248
140,Rudy Gobert,Center,28.0,71.0,71.0,30.8,2.1,2.8,131.0,101.0,27525281,31637464
141,Brandon Goodwin,Guard,25.0,47.0,5.0,13.2,-2.5,-0.6,101.0,116.0,1701593,1955805
142,Aaron Gordon,Forward,25.0,50.0,50.0,27.7,0.2,-0.1,107.0,114.0,18136364,20845875
143,Eric Gordon,Guard,32.0,27.0,13.0,29.2,0.7,-1.7,108.0,119.0,16869267,19389478
144,Devonte Graham,Guard,25.0,55.0,44.0,30.2,1.8,-1.1,115.0,116.0,1663861,1912436
145,Jerami Grant,Forward,26.0,54.0,54.0,33.9,1.9,-0.8,109.0,114.0,19050000,21896005
146,Danny Green,Forward,33.0,69.0,69.0,28.0,0.4,1.5,114.0,108.0,15365853,17661459
147,Draymond Green,Forward,30.0,63.0,63.0,31.5,-1.6,3.3,110.0,106.0,22246956,25570575
148,JaMychal Green,Forward,30.0,58.0,5.0,19.3,-0.5,-1.0,116.0,112.0,7199760,8275379
149,Javonte Green,Forward,27.0,41.0,2.0,11.5,-2.2,1.7,118.0,111.0,1517981,1744762
150,Jeff Green,Forward,34.0,68.0,38.0,27.0,0.0,-0.9,122.0,116.0,2564753,2947918
151,Josh Green,Guard,20.0,39.0,5.0,11.4,-3.7,0.1,106.0,114.0,2816760,3237574
152,Blake Griffin,Forward,31.0,46.0,30.0,25.8,-0.8,0.0,110.0,114.0,33900241,38964821
153,Kyle Guy,Guard,23.0,31.0,0.0,7.6,-3.7,-2.1,99.0,119.0,537888,618246
154,Rui Hachimura,Forward,22.0,57.0,57.0,31.5,-2.2,-1.0,107.0,115.0,4692840,5393934
155,Tyrese Haliburton,Guard,20.0,58.0,20.0,30.1,1.9,-0.5,118.0,118.0,3831840,4404303
156,Josh Hall,Forward,20.0,21.0,1.0,16.0,-9.7,-2.2,73.0,117.0,449115,516211
157,RJ Hampton,Guard,19.0,51.0,1.0,17.4,-2.6,-1.2,100.0,115.0,2193480,2521178
158,Tim Hardaway Jr,Guard,28.0,70.0,31.0,28.4,2.0,-1.7,116.0,116.0,18975000,21809800
159,James Harden,Guard,31.0,44.0,43.0,36.6,6.2,1.0,122.0,112.0,41254920,47418265
160,Montrezl Harrell,Center,27.0,69.0,1.0,22.9,2.3,0.7,127.0,106.0,9258000,10641113
161,Gary Harris,Guard,26.0,39.0,38.0,27.7,-2.8,-1.3,105.0,117.0,19610714,22540488
162,Joe Harris,Forward,29.0,69.0,65.0,31.0,1.5,-1.2,126.0,117.0,16071429,18472446
163,Tobias Harris,Forward,28.0,62.0,62.0,32.5,2.9,0.8,118.0,108.0,34358850,39491945
164,Shaquille Harrison,Guard,27.0,34.0,0.0,9.8,-5.5,1.5,94.0,110.0,915048,1051752
165,Josh Hart,Forward,25.0,47.0,4.0,28.7,-1.1,0.3,117.0,113.0,3491159,4012726
166,Isaiah Hartenstein,Center,22.0,46.0,2.0,12.2,-2.4,1.5,114.0,108.0,1620564,1862670
167,Jaxson Hayes,Center,20.0,60.0,3.0,16.1,0.6,0.0,132.0,112.0,5105160,5867853
168,Killian Hayes,Guard,19.0,26.0,18.0,25.8,-6.3,-0.9,82.0,113.0,5307120,6099985
169,Gordon Hayward,Forward,30.0,44.0,44.0,34.0,1.6,-0.1,114.0,113.0,28500000,32757803
170,Willy Hernangomez,Center,26.0,47.0,12.0,18.0,1.0,-1.0,125.0,111.0,1737145,1996668
171,Tyler Herro,Guard,21.0,54.0,15.0,30.3,-0.3,-1.0,104.0,113.0,3822240,4393269
172,Buddy Hield,Guard,28.0,71.0,71.0,34.3,1.0,-1.6,109.0,119.0,24931817,28656546
173,George Hill,Guard,34.0,30.0,17.0,22.4,-1.0,-0.2,117.0,114.0,9590602,11023405
174,Solomon Hill,Forward,29.0,71.0,16.0,21.3,-3.0,0.5,104.0,115.0,2174318,2499153
175,Nate Hinton,Guard,21.0,21.0,0.0,4.4,-4.5,1.0,91.0,109.0,449115,516211
176,Aaron Holiday,Guard,24.0,66.0,8.0,17.8,-3.3,-0.9,99.0,115.0,2345640,2696070
177,Jrue Holiday,Guard,30.0,59.0,56.0,32.3,2.8,0.6,121.0,111.0,27026011,31063605
178,Justin Holiday,Guard,31.0,72.0,52.0,30.3,-0.9,-0.1,112.0,114.0,5720400,6575008
179,Richaun Holmes,Center,27.0,61.0,61.0,29.2,0.6,0.0,130.0,115.0,5005350,5753132
180,Rodney Hood,Forward,28.0,55.0,5.0,17.1,-4.9,-1.4,94.0,118.0,10047450,11548505
181,Al Horford,Center,34.0,28.0,28.0,27.9,2.0,1.4,111.0,112.0,27500000,31608407
182,Talen Horton-Tucker,Guard,20.0,65.0,4.0,20.1,-2.6,1.5,103.0,107.0,1517981,1744762
183,Danuel House,Forward,27.0,36.0,23.0,25.9,-2.8,-0.7,104.0,117.0,3717000,4272307
184,Dwight Howard,Center,35.0,69.0,6.0,17.3,-2.1,0.6,113.0,102.0,2564753,2947918
185,Markus Howard,Guard,21.0,37.0,1.0,5.5,-5.5,-3.2,89.0,116.0,535294,615265
186,Kevin Huerter,Guard,22.0,69.0,49.0,30.8,-0.6,0.4,112.0,115.0,2761920,3174541
187,De'Andre Hunter,Forward,23.0,23.0,19.0,29.5,0.6,0.6,119.0,114.0,7422000,8530821
188,Chandler Hutchison,Forward,24.0,25.0,1.0,13.8,-5.7,0.2,89.0,111.0,2443440,2808481
189,Serge Ibaka,Center,31.0,41.0,39.0,23.3,1.2,0.2,119.0,110.0,9258000,10641113
190,Andre Iguodala,Forward,37.0,63.0,5.0,21.3,-2.2,1.8,103.0,110.0,15000000,17240949
191,Joe Ingles,Forward,33.0,67.0,30.0,27.9,2.6,0.9,129.0,111.0,10363637,11911929
192,Brandon Ingram,Forward,23.0,61.0,61.0,34.3,3.3,-1.1,115.0,116.0,27285000,31361286
193,Kyrie Irving,Guard,28.0,54.0,54.0,34.9,5.7,-0.2,121.0,114.0,33722850,38760929
194,Wesley Iwundu,Forward,26.0,41.0,4.0,13.1,-6.1,-0.3,89.0,114.0,1678854,1929669
195,Frank Jackson,Guard,22.0,40.0,6.0,18.5,-0.1,-1.6,112.0,116.0,699115,803560
196,Josh Jackson,Guard,23.0,62.0,25.0,25.2,-2.5,-0.5,97.0,112.0,4767000,5479173
197,Justin Jackson,Forward,25.0,34.0,3.0,17.0,-2.3,-1.2,102.0,116.0,5109637,5872998
198,Reggie Jackson,Guard,30.0,67.0,43.0,23.0,0.6,-0.2,116.0,113.0,2331593,2679925
199,Justin James,Forward,24.0,36.0,0.0,8.6,-2.0,-2.3,106.0,121.0,1517981,1744762
200,LeBron James,Guard,36.0,45.0,45.0,33.4,5.9,2.3,114.0,106.0,39219566,45078836
201,DaQuan Jeffries,Guard,23.0,31.0,5.0,15.9,-3.6,-1.1,104.0,117.0,1445697,1661679
202,Ty Jerome,Guard,23.0,33.0,1.0,23.9,0.1,-0.8,113.0,116.0,2303040,2647106
203,Isaiah Joe,Guard,21.0,41.0,1.0,9.3,-2.0,-1.0,108.0,111.0,898310,1032514
204,Cameron Johnson,Forward,24.0,60.0,11.0,24.0,0.0,-0.2,112.0,113.0,4235160,4867878
205,James Johnson,Forward,33.0,51.0,12.0,20.5,-2.7,1.5,103.0,111.0,16047100,18444482
206,Keldon Johnson,Forward,21.0,69.0,67.0,28.5,-0.9,-0.7,111.0,114.0,2048040,2354010
207,Stanley Johnson,Forward,24.0,61.0,13.0,16.5,-3.8,1.2,102.0,112.0,3804150,4372477
208,Tyler Johnson,Guard,28.0,39.0,3.0,17.5,-2.4,-1.0,111.0,117.0,2028594,2331659
209,Nikola Jokic,Center,25.0,72.0,72.0,34.6,9.1,3.0,130.0,109.0,29542010,33955486
210,Damian Jones,Center,25.0,39.0,10.0,14.0,-2.2,0.8,129.0,113.0,1487284,1709477
211,Derrick Jones,Forward,23.0,58.0,43.0,22.7,-1.4,0.0,121.0,116.0,9258000,10641113
212,Mason Jones,Guard,22.0,32.0,1.0,10.4,-1.4,-1.2,104.0,117.0,424544,487968
213,Tre Jones,Guard,21.0,37.0,1.0,7.3,-2.2,-1.3,112.0,117.0,898310,1032514
214,Tyus Jones,Guard,24.0,70.0,9.0,17.5,-0.1,0.9,115.0,112.0,8817143,10134394
215,DeAndre Jordan,Center,32.0,57.0,43.0,21.9,0.1,1.0,127.0,111.0,10375678,11925769
216,Cory Joseph,Guard,29.0,63.0,13.0,23.0,-1.8,0.0,112.0,116.0,12600000,14482397
217,Mfiondu Kabengele,Forward,23.0,39.0,0.0,7.2,-4.3,0.1,97.0,111.0,2432353,2795737
218,Frank Kaminsky,Center,27.0,47.0,13.0,15.2,0.4,0.8,117.0,110.0,1737145,1996668
219,Luke Kennard,Guard,24.0,63.0,17.0,19.6,0.3,-0.5,117.0,114.0,5273826,6061717
220,Maxi Kleber,Forward,29.0,50.0,40.0,26.8,-0.5,0.5,123.0,113.0,8475000,9741136
221,Nathan Knight,Forward,23.0,33.0,0.0,8.5,-2.6,-1.0,106.0,112.0,522989,601121
222,Kevin Knox,Forward,21.0,42.0,0.0,11.0,-1.7,0.4,104.0,110.0,4588680,5274213
223,John Konchar,Guard,24.0,43.0,0.0,13.4,-0.2,1.4,125.0,109.0,2100000,2413732
224,Furkan Korkmaz,Guard,23.0,55.0,11.0,19.3,-0.3,0.2,108.0,109.0,1762796,2026151
225,Luke Kornet,Center,25.0,31.0,2.0,11.2,-0.8,1.6,112.0,110.0,2250000,2586142
226,Rodions Kurucs,Forward,22.0,21.0,0.0,6.0,-6.4,1.8,79.0,109.0,1780152,2046100
227,Kyle Kuzma,Forward,25.0,68.0,32.0,28.7,-0.4,-0.1,105.0,109.0,3562178,4094355
228,Anthony Lamb,Forward,23.0,24.0,3.0,17.3,-3.4,-2.7,105.0,118.0,215330,247499
229,Jeremy Lamb,Guard,28.0,36.0,8.0,21.3,0.7,0.7,119.0,111.0,10500000,12068664
230,Zach LaVine,Guard,25.0,58.0,58.0,35.1,4.9,-0.8,115.0,114.0,19500000,22413234
231,Jake Layman,Forward,26.0,45.0,11.0,13.9,-2.2,0.2,107.0,115.0,3761085,4322978
232,Damion Lee,Guard,28.0,57.0,1.0,18.9,-0.7,0.9,121.0,111.0,1762796,2026151
233,Saben Lee,Guard,21.0,48.0,7.0,16.3,-2.1,0.2,112.0,113.0,516836,594049
234,Alex Len,Center,27.0,64.0,42.0,15.3,-1.2,1.0,119.0,110.0,3970648,4563848
235,Kawhi Leonard,Forward,29.0,52.0,52.0,34.1,6.0,1.3,126.0,110.0,34379100,39515221
236,Caris LeVert,Guard,26.0,47.0,39.0,31.6,0.9,-0.5,107.0,113.0,16203704,18624482
237,Kira Lewis,Guard,19.0,54.0,0.0,16.7,-3.2,-0.2,106.0,115.0,3640200,4184033
238,Damian Lillard,Guard,30.0,67.0,67.0,35.8,7.5,-1.3,125.0,118.0,31626953,36351912
239,Nassir Little,Forward,20.0,48.0,2.0,13.3,-1.1,-1.6,121.0,118.0,2210640,2540902
240,Kevon Looney,Center,24.0,61.0,34.0,19.0,-1.8,1.0,130.0,111.0,4821429,5541734
241,Brook Lopez,Center,32.0,70.0,70.0,27.2,0.0,0.0,121.0,111.0,12697675,14594664
242,Robin Lopez,Center,32.0,71.0,9.0,19.1,0.2,-1.2,124.0,116.0,7300000,8390595
243,Kevin Love,Forward,32.0,25.0,25.0,24.9,0.9,-0.9,108.0,113.0,31258256,35928133
244,Kyle Lowry,Guard,34.0,46.0,46.0,34.8,2.0,-0.4,117.0,115.0,30500000,35056596
245,Timothe Luwawu,Forward,25.0,58.0,7.0,18.1,-3.2,-1.2,100.0,116.0,1824003,2096502
246,Trey Lyles,Forward,25.0,23.0,9.0,15.6,-1.3,-0.5,116.0,114.0,5500000,6321681
247,Theo Maledon,Guard,19.0,65.0,49.0,27.4,-4.0,-1.0,94.0,116.0,2000000,2298793
248,Terance Mann,Guard,24.0,67.0,10.0,18.9,-0.5,0.3,125.0,112.0,1517981,1744762
249,Nico Mannion,Guard,19.0,30.0,1.0,12.1,-3.4,-0.5,99.0,111.0,449115,516211
250,Boban Marjanovic,Center,32.0,33.0,3.0,8.2,1.9,-2.6,121.0,111.0,3500000,4022888
251,Lauri Markkanen,Forward,23.0,51.0,26.0,25.8,1.0,-0.9,115.0,113.0,6731508,7737172
252,Naji Marshall,Forward,23.0,32.0,10.0,21.9,-2.1,0.8,106.0,113.0,538391,618824
253,Caleb Martin,Forward,25.0,53.0,3.0,15.4,-3.6,0.2,99.0,112.0,1517981,1744762
254,Cody Martin,Forward,25.0,52.0,10.0,16.3,-2.7,0.7,107.0,113.0,1517981,1744762
255,Kelan Martin,Forward,25.0,35.0,0.0,9.2,-1.1,-1.3,105.0,111.0,1445697,1661679
256,KJ Martin,Forward,20.0,45.0,8.0,23.7,-1.4,-0.4,117.0,114.0,898310,1032514
257,Garrison Mathews,Guard,24.0,64.0,24.0,16.2,-1.7,-0.1,130.0,116.0,688052,790844
258,Wesley Matthews,Guard,34.0,58.0,10.0,19.5,-3.1,1.4,106.0,110.0,3623000,4164263
259,Tyrese Maxey,Guard,20.0,61.0,8.0,15.3,-1.0,-0.5,110.0,111.0,2478840,2849170
260,Skylar Mays,Guard,23.0,33.0,0.0,8.2,1.2,0.7,121.0,113.0,532218,611729
261,CJ McCollum,Guard,29.0,47.0,47.0,34.0,5.0,-1.1,120.0,118.0,29354152,33739563
262,TJ McConnell,Guard,28.0,69.0,3.0,26.0,-0.2,1.7,117.0,110.0,3500000,4022888
263,Jaden McDaniels,Forward,20.0,63.0,27.0,24.0,-3.3,-0.2,108.0,116.0,1964760,2258288
264,Jalen McDaniels,Forward,23.0,47.0,18.0,19.2,-2.8,-0.4,107.0,113.0,1517981,1744762
265,Doug McDermott,Forward,29.0,66.0,29.0,24.5,1.4,-2.0,121.0,118.0,7333333,8428908
266,JaVale McGee,Center,33.0,46.0,2.0,14.7,-3.3,0.8,102.0,107.0,4200000,4827465
267,Alfonzo McKinnie,Forward,28.0,39.0,0.0,6.6,0.3,-0.8,123.0,110.0,1762796,2026151
268,Jordan McLaughlin,Guard,24.0,51.0,2.0,18.4,-2.0,0.2,110.0,115.0,503760,579020
269,Ben McLemore,Guard,27.0,53.0,5.0,17.1,-2.7,-1.2,99.0,115.0,2893630,3325927
270,Nicolo Melli,Forward,30.0,45.0,4.0,12.6,-3.5,0.0,106.0,114.0,3897436,4479699
271,De'Anthony Melton,Guard,22.0,52.0,1.0,20.1,0.6,1.7,110.0,109.0,9571712,11001693
272,Sam Merrill,Guard,24.0,30.0,2.0,7.8,-0.7,-0.3,118.0,114.0,898310,1032514
273,Chimezie Metu,Center,23.0,36.0,6.0,13.6,-2.2,-1.3,109.0,116.0,910895,1046979
274,Khris Middleton,Forward,29.0,68.0,68.0,33.4,1.7,-0.3,116.0,113.0,33051724,37989539
275,Paul Millsap,Forward,35.0,56.0,36.0,20.8,0.3,0.7,117.0,110.0,10100000,11608905
276,Shake Milton,Guard,24.0,63.0,4.0,23.2,-0.7,-1.0,109.0,112.0,1701593,1955805
277,Donovan Mitchell,Guard,24.0,53.0,53.0,33.4,4.6,-0.2,115.0,110.0,5195501,5971691
278,Malik Monk,Guard,22.0,42.0,0.0,20.9,0.2,-2.0,108.0,116.0,5345687,6144314
279,E'Twaun Moore,Guard,31.0,27.0,1.0,14.4,-3.1,0.2,103.0,112.0,2331593,2679925
280,Ja Morant,Guard,21.0,63.0,63.0,32.6,1.3,-1.6,108.0,115.0,9166800,10536288
281,Juwan Morgan,Forward,23.0,29.0,0.0,5.1,-3.5,1.2,116.0,110.0,1517981,1744762
282,Marcus Morris,Forward,31.0,57.0,29.0,26.4,0.9,-0.8,117.0,113.0,14883721,17107298
283,Markieff Morris,Forward,31.0,61.0,27.0,19.7,-2.9,0.3,101.0,108.0,2331593,2679925
284,Monte Morris,Guard,25.0,47.0,13.0,25.4,0.1,-0.5,121.0,115.0,1723707,1981222
285,Mychal Mulder,Guard,26.0,60.0,6.0,12.8,-0.6,-1.2,113.0,115.0,1517981,1744762
286,Dejounte Murray,Guard,24.0,67.0,67.0,31.9,-0.2,1.0,106.0,111.0,14286000,16420280
287,Jamal Murray,Guard,23.0,48.0,48.0,35.5,2.7,-0.7,116.0,114.0,27285000,31361286
288,Mike Muscala,Center,29.0,35.0,0.0,18.4,0.9,-1.0,116.0,115.0,2283034,2624111
289,Abdel Nader,Forward,27.0,24.0,0.0,14.8,-1.0,1.0,111.0,111.0,1752950,2014834
290,Aaron Nesmith,Forward,21.0,46.0,1.0,14.5,-2.8,-0.4,113.0,114.0,3458400,3975073
291,Raul Neto,Guard,28.0,64.0,22.0,21.9,-1.4,0.9,115.0,113.0,1882867,2164160
292,Georges Niang,Forward,27.0,72.0,10.0,16.0,-0.4,0.1,114.0,111.0,1783557,2050014
293,Zeke Nnaji,Forward,20.0,42.0,1.0,9.5,-0.6,-1.1,124.0,115.0,2379840,2735380
294,Nerlens Noel,Center,26.0,64.0,41.0,24.2,-2.4,3.8,121.0,101.0,5000000,5746983
295,Jaylen Nowell,Guard,21.0,42.0,0.0,18.1,-1.5,-1.4,107.0,117.0,1517981,1744762
296,Frank Ntilikina,Guard,22.0,33.0,4.0,9.8,-4.2,2.5,102.0,108.0,6176578,7099337
297,Kendrick Nunn,Guard,25.0,56.0,44.0,29.5,-0.1,-0.4,111.0,113.0,1663861,1912436
298,Jusuf Nurkic,Center,26.0,37.0,37.0,23.8,0.7,1.8,113.0,109.0,12888889,14814445
299,David Nwaba,Forward,28.0,30.0,9.0,22.6,-1.4,0.6,115.0,114.0,1824003,2096502
300,Jordan Nwora,Forward,22.0,30.0,2.0,9.1,-0.7,-0.4,102.0,108.0,898310,1032514
301,Royce O'Neale,Forward,27.0,71.0,71.0,31.6,-1.2,2.1,121.0,108.0,8500000,9769871
302,Semi Ojeleye,Forward,26.0,56.0,15.0,17.0,-1.7,-0.7,114.0,116.0,1752950,2014834
303,Jahlil Okafor,Center,25.0,27.0,2.0,12.9,-2.5,-0.7,114.0,115.0,1882867,2164160
304,Chuma Okeke,Forward,22.0,45.0,19.0,25.2,-1.9,0.5,107.0,114.0,3121080,3587358
305,Josh Okogie,Guard,22.0,59.0,37.0,20.3,-3.7,0.3,109.0,116.0,2651040,3047096
306,Onyeka Okongwu,Center,20.0,50.0,4.0,12.0,-2.2,0.8,125.0,109.0,5813640,6682178
307,Isaac Okoro,Guard,20.0,67.0,67.0,32.4,-4.2,-0.9,103.0,117.0,6400920,7357195
308,KZ Okpala,Forward,21.0,37.0,9.0,12.1,-6.5,-0.6,94.0,113.0,1517981,1744762
309,Victor Oladipo,Guard,28.0,33.0,33.0,32.7,-0.9,-0.8,100.0,114.0,21000000,24137328
310,Kelly Olynyk,Center,29.0,70.0,62.0,28.5,0.3,0.9,115.0,110.0,12819650,14734862
311,Miye Oni,Guard,23.0,54.0,0.0,9.6,-3.0,1.3,110.0,110.0,1517981,1744762
312,Cedi Osman,Forward,25.0,59.0,26.0,25.6,-2.3,-0.9,100.0,116.0,8840580,10161332
313,Daniel Oturu,Center,21.0,30.0,0.0,5.4,-4.1,-1.1,106.0,109.0,898310,1032514
314,Kelly Oubre,Forward,25.0,55.0,50.0,30.7,-1.4,-0.5,103.0,110.0,14375000,16522576
315,Eric Paschall,Forward,24.0,40.0,2.0,17.4,-1.8,-0.9,106.0,113.0,1517981,1744762
316,Patrick Patterson,Forward,31.0,38.0,5.0,15.3,-0.4,-0.1,119.0,113.0,3814771,4384684
317,Chris Paul,Guard,35.0,70.0,70.0,31.4,3.5,1.1,124.0,111.0,41358814,47537680
318,Cameron Payne,Guard,26.0,60.0,1.0,18.0,2.1,1.0,122.0,112.0,1977011,2272369
319,Elfrid Payton,Guard,26.0,63.0,63.0,23.6,-2.9,-0.1,99.0,110.0,4767000,5479173
320,Reggie Perry,Forward,20.0,26.0,0.0,8.1,-5.3,-1.4,101.0,111.0,489148,562225
321,Mason Plumlee,Center,30.0,56.0,56.0,26.8,0.2,2.0,122.0,109.0,8000000,9195172
322,Jakob Poeltl,Center,25.0,69.0,51.0,26.7,-0.5,1.2,123.0,109.0,8101852,9312241
323,Aleksej Pokusevski,Forward,19.0,45.0,28.0,24.2,-5.1,-1.0,81.0,114.0,2964840,3407777
324,Jordan Poole,Guard,21.0,51.0,7.0,19.4,0.7,-1.2,111.0,114.0,2063280,2371527
325,Kevin Porter,Guard,20.0,26.0,23.0,32.1,-1.1,-2.4,101.0,118.0,1717981,1974641
326,Michael Porter,Forward,22.0,61.0,54.0,31.3,4.0,-0.9,125.0,112.0,3550800,4081277
327,Otto Porter,Forward,27.0,28.0,6.0,21.6,0.0,0.0,113.0,112.0,28489239,32745434
328,Bobby Portis,Center,25.0,66.0,7.0,20.8,1.8,-0.4,121.0,109.0,3623000,4164263
329,Kristaps Porzingis,Center,25.0,43.0,43.0,30.9,3.0,-0.8,117.0,110.0,29467800,33870189
330,Dwight Powell,Center,29.0,58.0,19.0,16.7,-0.7,1.3,136.0,110.0,11080125,12735458
331,Norman Powell,Forward,27.0,69.0,58.0,32.0,1.1,-0.7,116.0,116.0,10865952,12489288
332,Taurean Prince,Forward,26.0,41.0,10.0,22.1,-1.2,-0.6,106.0,114.0,12250000,14080108
333,Payton Pritchard,Guard,23.0,66.0,4.0,19.2,-0.3,-0.4,117.0,115.0,2035800,2339941
334,Immanuel Quickley,Guard,21.0,64.0,3.0,19.4,1.4,-0.5,113.0,111.0,2105520,2420077
335,Chasson Randle,Guard,27.0,41.0,5.0,20.4,-4.8,-1.1,98.0,117.0,279927,321747
336,Julius Randle,Forward,26.0,71.0,71.0,37.6,2.9,0.9,111.0,107.0,19845000,22809775
337,Cam Reddish,Forward,21.0,26.0,21.0,28.8,-3.3,0.1,100.0,113.0,4458000,5124010
338,JJ Redick,Guard,36.0,44.0,0.0,16.4,-1.4,-2.1,109.0,118.0,13013700,14957902
339,Paul Reed,Forward,21.0,26.0,0.0,6.8,-1.8,0.8,111.0,102.0,609128,700129
340,Naz Reid,Center,21.0,70.0,15.0,19.2,-0.1,-0.2,115.0,113.0,1517981,1744762
341,Josh Richardson,Guard,27.0,59.0,56.0,30.3,-1.5,-0.2,109.0,114.0,10865952,12489288
342,Austin Rivers,Guard,28.0,36.0,7.0,23.5,-2.2,0.3,109.0,112.0,3929049,4516035
343,Duncan Robinson,Forward,26.0,72.0,72.0,31.4,-0.2,-0.8,113.0,114.0,1663861,1912436
344,Glenn Robinson III,Forward,27.0,23.0,2.0,16.0,-1.9,-2.2,112.0,122.0,1165322,1339417
345,Mitchell Robinson,Center,22.0,31.0,29.0,27.5,-0.3,1.5,131.0,104.0,1663861,1912436
346,Isaiah Roby,Forward,22.0,61.0,34.0,23.4,-3.7,0.4,102.0,112.0,1517981,1744762
347,Rajon Rondo,Guard,34.0,45.0,3.0,17.1,-0.5,0.3,108.0,112.0,7500000,8620474
348,Derrick Rose,Guard,32.0,50.0,3.0,25.6,1.6,0.3,112.0,111.0,7682926,8830729
349,Terrence Ross,Guard,29.0,46.0,2.0,29.3,-1.4,-0.8,103.0,115.0,13500000,15516854
350,Terry Rozier,Guard,26.0,69.0,69.0,34.5,2.2,-0.5,113.0,114.0,18900000,21723596
351,Ricky Rubio,Guard,30.0,68.0,51.0,26.1,-1.9,0.0,113.0,115.0,17000000,19539742
352,D'Angelo Russell,Guard,24.0,42.0,26.0,28.5,3.3,-1.7,108.0,117.0,28649250,32929351
353,Domantas Sabonis,Forward,24.0,62.0,62.0,36.0,2.3,1.6,115.0,110.0,19800000,22758053
354,Luka Samanic,Forward,21.0,33.0,4.0,9.3,-4.2,-0.7,97.0,112.0,2824320,3246263
355,JaKarr Sampson,Forward,27.0,29.0,4.0,10.9,-5.2,-2.3,104.0,114.0,1882867,2164160
356,Dario Saric,Center,26.0,50.0,4.0,17.4,-1.4,-0.6,109.0,111.0,9250000,10631918
357,Mike Scott,Forward,32.0,51.0,12.0,16.7,-3.2,0.3,101.0,110.0,5005350,5753132
358,Collin Sexton,Guard,22.0,60.0,60.0,35.3,1.8,-1.9,111.0,118.0,4991880,5737649
359,Landry Shamet,Guard,23.0,61.0,12.0,23.0,-1.0,-1.5,113.0,118.0,2090040,2402284
360,Pascal Siakam,Forward,26.0,56.0,56.0,35.8,1.0,-0.3,111.0,113.0,30559200,35124641
361,Ben Simmons,Guard,24.0,58.0,58.0,32.4,0.7,2.2,114.0,106.0,30559200,35124641
362,Anfernee Simons,Guard,21.0,64.0,0.0,17.3,0.6,-1.6,117.0,119.0,2252040,2588487
363,Deividas Sirvydis,Guard,20.0,20.0,0.0,6.7,-4.2,-1.2,90.0,114.0,898310,1032514
364,Marcus Smart,Guard,26.0,48.0,45.0,32.9,-0.4,0.2,114.0,113.0,12946428,14880580
365,Dennis Smith,Guard,23.0,23.0,9.0,18.3,-1.1,1.5,105.0,110.0,5686677,6536247
366,Jalen Smith,Forward,20.0,27.0,1.0,5.8,-4.8,-1.3,96.0,112.0,4245720,4880016
367,Tony Snell,Guard,29.0,47.0,23.0,21.1,-0.4,-0.1,135.0,117.0,12178571,13998008
368,Cassius Stanley,Guard,21.0,24.0,0.0,3.9,-7.2,-4.0,90.0,116.0,470690,541009
369,Lamar Stevens,Forward,23.0,40.0,0.0,12.5,-4.2,0.0,103.0,113.0,1000000,1149396
370,Isaiah Stewart,Center,19.0,68.0,14.0,21.4,-1.6,0.5,118.0,109.0,3121080,3587358
371,Max Strus,Forward,24.0,39.0,0.0,13.0,-0.5,-1.7,115.0,115.0,647098,743772
372,Edmond Sumner,Guard,25.0,53.0,24.0,16.2,-2.3,-0.5,112.0,115.0,2160000,2482696
373,Jae'Sean Tate,Forward,25.0,70.0,58.0,29.2,-1.6,0.3,114.0,115.0,1445697,1661679
374,Jayson Tatum,Forward,22.0,64.0,64.0,35.8,4.2,-0.3,114.0,112.0,9897120,11375716
375,Jeff Teague,Guard,32.0,55.0,7.0,17.3,-1.7,-0.5,111.0,114.0,3372826,3876714
376,Garrett Temple,Guard,34.0,56.0,25.0,27.3,-3.3,0.3,105.0,113.0,4767000,5479173
377,Daniel Theis,Center,28.0,65.0,51.0,24.6,-0.7,0.7,120.0,111.0,5000000,5746983
378,Brodric Thomas,Guard,24.0,32.0,1.0,12.5,-4.7,0.3,96.0,114.0,412202,473783
379,Matt Thomas,Guard,26.0,45.0,0.0,7.2,-2.6,-2.0,103.0,115.0,1517981,1744762
380,Tristan Thompson,Forward,29.0,54.0,43.0,23.8,-1.5,-1.0,116.0,112.0,9258000,10641113
381,Sindarius Thornwell,Guard,26.0,21.0,1.0,10.3,-5.7,0.9,93.0,114.0,1235889,1420525
382,Matisse Thybulle,Guard,23.0,65.0,8.0,20.0,-2.6,4.5,104.0,103.0,2711280,3116336
383,Xavier Tillman,Forward,22.0,59.0,12.0,18.4,-1.3,1.1,119.0,110.0,1300000,1494215
384,Obi Toppin,Forward,22.0,62.0,0.0,11.0,-1.4,0.7,112.0,108.0,4862040,5588412
385,Juan Toscano-Anderson,Guard,27.0,53.0,16.0,20.9,-1.4,2.2,121.0,109.0,943963,1084987
386,Karl-Anthony Towns,Center,25.0,50.0,50.0,33.8,4.3,0.2,117.0,113.0,29467800,33870189
387,Gary Trent Jr,Guard,22.0,58.0,38.0,31.1,-0.5,-1.7,108.0,118.0,1663861,1912436
388,PJ Tucker,Forward,35.0,52.0,33.0,26.1,-4.6,0.5,104.0,116.0,7969537,9160158
389,Myles Turner,Center,24.0,47.0,47.0,31.0,-1.6,2.0,112.0,108.0,18000000,20689139
390,Jonas Valanciunas,Center,28.0,62.0,61.0,28.3,3.2,-0.3,126.0,108.0,15000000,17240949
391,Denzel Valentine,Guard,27.0,62.0,3.0,16.7,-2.2,-0.4,100.0,112.0,4642800,5336418
392,Jarred Vanderbilt,Forward,21.0,64.0,30.0,17.8,-1.4,1.4,122.0,110.0,1663861,1912436
393,Fred VanVleet,Guard,26.0,52.0,52.0,36.5,2.2,0.2,113.0,113.0,21250000,24424678
394,Devin Vassell,Forward,20.0,62.0,7.0,17.0,-2.2,0.7,108.0,112.0,4033440,4636022
395,Gabe Vincent,Guard,24.0,50.0,7.0,13.1,-4.5,-0.9,98.0,114.0,660750,759463
396,Nikola Vucevic,Center,30.0,70.0,70.0,33.5,4.9,0.4,112.0,110.0,26000000,29884312
397,Dean Wade,Forward,24.0,63.0,19.0,19.2,-1.1,-0.1,116.0,115.0,1517981,1744762
398,Moritz Wagner,Center,23.0,45.0,24.0,16.0,-2.7,0.2,110.0,112.0,2383915,2740063
399,Kemba Walker,Guard,30.0,43.0,43.0,31.8,2.8,-0.7,114.0,114.0,34379100,39515221
400,Lonnie Walker,Guard,22.0,60.0,38.0,25.4,-2.3,-1.4,100.0,116.0,2895720,3328330
401,John Wall,Guard,30.0,40.0,40.0,32.2,1.2,-1.9,99.0,116.0,41254920,47418265
402,Brad Wanamaker,Guard,31.0,61.0,0.0,17.3,-4.4,0.3,102.0,113.0,2250000,2586142
403,PJ Washington,Forward,22.0,64.0,61.0,30.5,-1.5,0.6,105.0,111.0,4023600,4624712
404,Yuta Watanabe,Forward,26.0,50.0,4.0,14.5,-1.1,0.5,117.0,111.0,737996,848250
405,Tremont Waters,Guard,23.0,26.0,3.0,9.2,0.4,-0.1,108.0,112.0,712278,818689
406,Paul Watson,Forward,26.0,27.0,2.0,11.0,-0.8,-0.6,120.0,115.0,1445697,1661679
407,Quinndary Weatherspoon,Guard,24.0,20.0,0.0,6.1,-5.8,0.7,97.0,111.0,449115,516211
408,Russell Westbrook,Guard,32.0,65.0,65.0,36.4,2.6,1.1,105.0,110.0,41358814,47537680
409,Coby White,Guard,20.0,69.0,54.0,31.2,-1.2,-1.2,106.0,115.0,5572680,6405219
410,Derrick White,Guard,26.0,36.0,32.0,29.6,1.3,0.0,111.0,114.0,3516284,4041604
411,Hassan Whiteside,Center,31.0,36.0,4.0,15.2,-1.8,-0.4,107.0,111.0,2320044,2666650
412,Andrew Wiggins,Forward,25.0,71.0,71.0,33.3,0.0,-0.4,107.0,111.0,29542010,33955486
413,Grant Williams,Forward,22.0,63.0,9.0,18.1,-4.0,0.3,105.0,114.0,2498760,2872066
414,Kenrich Williams,Forward,26.0,66.0,13.0,21.6,-1.2,0.5,116.0,114.0,2000000,2298793
415,Patrick Williams,Forward,19.0,71.0,71.0,27.9,-2.8,0.4,105.0,112.0,7068360,8124349
416,Robert Williams,Center,23.0,52.0,13.0,18.9,2.9,3.1,139.0,104.0,2029920,2333183
417,Zion Williamson,Forward,20.0,61.0,61.0,33.2,6.1,-0.3,124.0,115.0,10245480,11776120
418,DJ Wilson,Forward,24.0,35.0,1.0,12.4,-2.7,-0.6,100.0,112.0,4548280,5227777
419,Dylan Windler,Forward,24.0,31.0,0.0,16.5,-2.0,0.3,103.0,113.0,2137440,2456766
420,Justise Winslow,Forward,24.0,26.0,1.0,19.5,-6.2,0.2,82.0,110.0,13000000,14942156
421,Cassius Winston,Guard,22.0,22.0,0.0,4.5,-2.1,-1.1,111.0,116.0,449115,516211
422,James Wiseman,Center,19.0,39.0,27.0,21.4,-4.0,-1.0,100.0,109.0,8730240,10034508
423,Christian Wood,Center,25.0,41.0,41.0,32.3,1.7,-0.3,111.0,112.0,13015874,14960401
424,Delon Wright,Guard,28.0,63.0,39.0,27.7,0.6,1.5,118.0,113.0,9000000,10344569
425,Thaddeus Young,Forward,32.0,68.0,23.0,24.3,1.9,1.4,116.0,110.0,13545000,15568577
426,Trae Young,Guard,22.0,63.0,63.0,33.7,5.3,-1.7,117.0,116.0,6571800,7553604
427,Cody Zeller,Center,28.0,48.0,21.0,20.9,-0.2,-0.2,123.0,112.0,15415730,17718787
428,Ivica Zubac,Center,23.0,72.0,33.0,22.3,0.6,0.4,135.0,110.0,7000000,8045776
429,Precious Achiuwa,Center,22.0,73.0,28.0,23.6,-2.0,-0.6,105.0,110.0,2711280,2956915
430,Steven Adams,Center,28.0,76.0,75.0,26.3,1.0,1.0,125.0,108.0,17073171,18619958
431,Bam Adebayo,Center,24.0,56.0,56.0,32.6,1.7,2.1,117.0,104.0,28103500,30649609
432,LaMarcus Aldridge,Center,36.0,47.0,12.0,22.3,1.3,-0.6,119.0,112.0,2641691,2881021
433,Nickeil Alexander-Walker,Guard,23.0,65.0,21.0,22.6,-1.8,-1.1,98.0,114.0,3261480,3556962
434,Grayson Allen,Guard,26.0,66.0,61.0,27.3,0.6,-0.2,122.0,114.0,4054695,4422040
435,Jarrett Allen,Center,23.0,56.0,56.0,32.3,2.7,1.2,132.0,106.0,20000000,21811951
436,Jose Alvarado,Guard,23.0,54.0,1.0,15.4,-0.5,2.4,114.0,109.0,1925406,2099843
437,Kyle Anderson,Forward,28.0,69.0,11.0,21.5,-0.9,2.1,110.0,106.0,9937150,10837431
438,Giannis Antetokounmpo,Forward,27.0,67.0,67.0,32.9,7.6,3.5,124.0,106.0,39344900,42909452
439,Thanasis Antetokounmpo,Forward,29.0,48.0,6.0,9.9,-3.5,-0.1,113.0,112.0,1729217,1885879
440,Carmelo Anthony,Forward,37.0,69.0,3.0,26.0,0.4,-0.8,114.0,114.0,2641691,2881021
441,Cole Anthony,Guard,21.0,65.0,65.0,31.7,-0.6,-0.6,103.0,114.0,3449400,3761907
442,OG Anunoby,Forward,24.0,48.0,48.0,36.0,0.4,0.1,112.0,111.0,16071429,17527461
443,Trevor Ariza,Forward,36.0,24.0,11.0,19.3,-3.3,-0.2,97.0,114.0,2641691,2881021
444,DJ Augustin,Guard,34.0,55.0,2.0,16.1,-1.2,-2.4,112.0,120.0,7622467,8313044
445,Deni Avdija,Forward,21.0,82.0,8.0,24.2,-2.1,0.4,106.0,113.0,4692840,5117999
446,Deandre Ayton,Center,23.0,58.0,58.0,29.5,2.2,0.6,124.0,105.0,12632950,13777464
447,Marvin Bagley,Forward,22.0,48.0,25.0,23.9,-0.5,-1.8,112.0,114.0,11312114,12336964
448,LaMelo Ball,Guard,20.0,75.0,75.0,32.3,3.3,0.1,111.0,112.0,8231760,8977537
449,Lonzo Ball,Guard,24.0,35.0,35.0,34.6,0.9,1.6,110.0,111.0,18604651,20290187
450,Mo Bamba,Center,23.0,71.0,69.0,25.7,-0.2,0.9,113.0,108.0,7568743,8254452
451,Desmond Bane,Guard,23.0,76.0,76.0,29.8,2.5,0.3,119.0,110.0,2033160,2217359
452,Dalano Banton,Guard,22.0,64.0,1.0,10.9,-3.5,0.4,98.0,111.0,925258,1009084
453,Harrison Barnes,Forward,29.0,77.0,77.0,33.6,1.5,-1.3,121.0,118.0,20284091,22121780
454,Scottie Barnes,Forward,20.0,74.0,74.0,35.4,0.5,0.4,116.0,111.0,7280400,7939986
455,RJ Barrett,Forward,21.0,70.0,70.0,34.5,-0.3,-1.3,103.0,113.0,8623920,9405226
456,Will Barton,Guard,31.0,71.0,71.0,32.1,0.4,-0.9,108.0,114.0,15625000,17040587
457,Charles Bassey,Center,21.0,23.0,0.0,7.3,-0.4,2.1,129.0,103.0,925258,1009084
458,Keita Bates-Diop,Forward,26.0,59.0,14.0,16.2,-2.1,-0.5,111.0,112.0,1729217,1885879
459,Nicolas Batum,Forward,33.0,59.0,54.0,24.8,0.5,1.8,118.0,109.0,12026998,13116613
460,Kent Bazemore,Forward,32.0,39.0,14.0,14.0,-5.1,0.8,93.0,113.0,2401537,2619110
461,Darius Bazley,Forward,21.0,69.0,53.0,27.9,-2.1,0.3,101.0,111.0,2513040,2740715
462,Bradley Beal,Guard,28.0,40.0,40.0,36.0,2.0,-1.2,106.0,117.0,33724200,36779530
463,Malik Beasley,Guard,25.0,79.0,18.0,25.0,0.7,-1.5,111.0,116.0,14491964,15804900
464,DeAndre Bembry,Forward,27.0,56.0,20.0,18.3,-2.2,1.5,119.0,112.0,2271045,2476795
465,Davis Bertans,Forward,29.0,56.0,0.0,14.4,-1.7,-0.9,106.0,114.0,16000000,17449561
466,Patrick Beverley,Guard,33.0,58.0,54.0,25.4,0.6,2.1,119.0,111.0,14320987,15618433
467,Saddiq Bey,Forward,22.0,82.0,82.0,33.0,0.9,-1.2,110.0,116.0,2824320,3080196
468,Khem Birch,Center,29.0,55.0,28.0,18.0,-1.7,0.4,124.0,111.0,6350000,6925294
469,Goga Bitadze,Center,22.0,50.0,16.0,14.6,-0.2,-0.6,118.0,114.0,3098400,3379107
470,Bismack Biyombo,Center,29.0,36.0,3.0,14.1,-1.7,0.4,119.0,105.0,1518213,1655759
471,Nemanja Bjelica,Center,33.0,71.0,0.0,16.1,-0.9,2.3,111.0,105.0,2089448,2278746
472,Eric Bledsoe,Guard,32.0,54.0,29.0,25.2,-2.1,1.3,100.0,110.0,18125000,19767081
473,Keljin Blevins,Forward,26.0,31.0,1.0,11.3,-5.6,-2.9,86.0,119.0,462629,504542
474,Bogdan Bogdanovic,Guard,29.0,63.0,27.0,29.3,1.5,-0.2,114.0,116.0,18000000,19630756
475,Bojan Bogdanovic,Forward,32.0,69.0,69.0,30.9,1.6,-1.6,116.0,115.0,18700000,20394174
476,Leandro Bolmaro,Forward,21.0,35.0,2.0,6.9,-5.1,-0.7,96.0,115.0,2353320,2566525
477,Devin Booker,Guard,25.0,68.0,68.0,34.5,3.9,0.2,113.0,109.0,31650600,34518067
478,BJ Boston,Guard,20.0,51.0,0.0,14.9,-3.0,-0.4,98.0,111.0,925258,1009084
479,Chris Boucher,Forward,29.0,80.0,9.0,21.1,0.5,-0.4,124.0,108.0,7020000,7655995
480,James Bouknight,Guard,21.0,31.0,0.0,9.8,-3.4,-3.7,100.0,117.0,4154400,4530778
481,Avery Bradley,Guard,31.0,62.0,45.0,22.7,-3.5,-0.1,106.0,116.0,2641691,2881021
482,Tony Bradley,Center,24.0,55.0,7.0,10.0,-2.0,0.2,115.0,110.0,1789256,1951358
483,Ignas Brazdeikis,Forward,23.0,42.0,1.0,12.8,-2.7,-1.6,106.0,116.0,462629,504542
484,Mikal Bridges,Forward,25.0,82.0,82.0,34.8,0.5,1.1,125.0,110.0,5557725,6061241
485,Miles Bridges,Forward,23.0,80.0,80.0,35.5,1.8,-0.3,117.0,114.0,5421493,5912667
486,Oshae Brissett,Forward,23.0,67.0,25.0,23.3,-0.5,-1.7,112.0,116.0,1701593,1855753
487,Malcolm Brogdon,Guard,29.0,36.0,36.0,33.5,2.8,-0.5,116.0,118.0,21700000,23665967
488,Armoni Brooks,Guard,23.0,54.0,11.0,15.6,-2.6,-1.3,101.0,117.0,1739065,1896619
489,Dillon Brooks,Forward,26.0,32.0,31.0,27.7,-1.0,-0.8,108.0,112.0,12200000,13305290
490,Bruce Brown,Forward,25.0,72.0,45.0,24.6,-0.4,1.1,121.0,111.0,4736102,5165181
491,Charlie Brown,Guard,24.0,22.0,2.0,8.0,-5.2,0.4,88.0,109.0,431151,470212
492,Greg Brown,Forward,20.0,48.0,6.0,13.3,-4.0,-0.7,102.0,114.0,925258,1009084
493,Jaylen Brown,Forward,25.0,66.0,66.0,33.6,1.9,0.1,109.0,108.0,26758928,29183222
494,Moses Brown,Center,22.0,40.0,6.0,8.6,-2.4,-0.9,115.0,105.0,1933909,2109116
495,Sterling Brown,Guard,26.0,49.0,3.0,12.8,-3.4,0.5,102.0,109.0,3000000,3271792
496,Troy Brown,Forward,22.0,66.0,7.0,16.0,-1.7,-0.2,110.0,114.0,5170564,5639004
497,Jalen Brunson,Guard,25.0,79.0,61.0,31.9,0.9,0.0,118.0,112.0,1802057,1965319
498,Thomas Bryant,Center,24.0,27.0,9.0,16.3,-0.4,-0.7,118.0,113.0,8666667,9451846
499,Reggie Bullock,Forward,30.0,68.0,37.0,28.0,-1.5,0.0,111.0,112.0,9536000,10399938
500,Trey Burke,Guard,29.0,42.0,0.0,10.5,-3.6,-1.4,97.0,113.0,3150000,3435382
501,Alec Burks,Guard,30.0,81.0,44.0,28.6,-0.4,1.2,117.0,110.0,9536000,10399938
502,Jared Butler,Guard,21.0,42.0,1.0,8.6,-2.3,0.7,102.0,109.0,925258,1009084
503,Jimmy Butler,Forward,32.0,57.0,57.0,33.9,4.5,1.9,124.0,108.0,36016200,39279180
504,Kentavious Caldwell-Pope,Guard,28.0,77.0,77.0,30.2,-0.9,-0.6,109.0,116.0,13038862,14220151
505,Facundo Campazzo,Guard,30.0,65.0,4.0,18.2,-2.1,1.3,109.0,111.0,3100000,3380852
506,Clint Capela,Center,27.0,74.0,73.0,27.6,2.1,-0.1,132.0,109.0,17603448,19198277
507,Jevon Carter,Guard,26.0,66.0,3.0,13.7,-1.8,-0.4,110.0,114.0,4107149,4479246
508,Wendell Carter,Forward,22.0,62.0,61.0,29.9,1.0,0.6,115.0,110.0,6920027,7546964
509,Alex Caruso,Guard,27.0,41.0,18.0,28.0,-2.2,2.3,110.0,112.0,8600000,9379139
510,Willie Cauley-Stein,Center,28.0,20.0,2.0,9.2,-4.1,1.1,103.0,109.0,4220083,4602412
511,Justin Champagnie,Forward,20.0,36.0,0.0,7.8,-1.3,-0.7,128.0,112.0,462629,504542
512,Chris Chiozza,Guard,26.0,34.0,1.0,10.9,-5.7,-0.2,88.0,110.0,462629,504542
513,Marquese Chriss,Forward,24.0,34.0,0.0,10.2,-3.8,0.0,107.0,105.0,1292900,1410033
514,Josh Christopher,Guard,20.0,74.0,2.0,18.0,-2.2,-1.3,101.0,117.0,2259240,2463921
515,Gary Clark,Forward,27.0,38.0,1.0,9.9,0.1,0.0,116.0,112.0,811213,884706
516,Brandon Clarke,Forward,25.0,64.0,1.0,19.5,3.1,1.1,138.0,108.0,2726880,2973928
517,Jordan Clarkson,Guard,29.0,79.0,1.0,27.1,0.5,-1.2,108.0,113.0,12420000,13545221
518,Nicolas Claxton,Center,22.0,47.0,19.0,20.7,0.3,0.2,130.0,111.0,1782621,1944122
519,Amir Coffey,Guard,24.0,69.0,30.0,22.7,-0.3,0.0,120.0,113.0,573576,625540
520,John Collins,Forward,24.0,54.0,53.0,30.8,1.5,0.0,122.0,114.0,23000000,25083744
521,Zach Collins,Center,24.0,28.0,4.0,17.9,-1.2,1.0,112.0,109.0,7000000,7634183
522,Mike Conley,Guard,34.0,72.0,72.0,28.6,2.4,0.7,120.0,111.0,21000000,22902549
523,Pat Connaughton,Forward,29.0,65.0,19.0,26.0,0.8,0.3,124.0,113.0,5333334,5816521
524,Tyler Cook,Forward,24.0,20.0,2.0,10.0,-3.0,-1.1,126.0,113.0,462629,504542
525,DeMarcus Cousins,Center,31.0,48.0,7.0,15.0,-1.8,0.2,105.0,106.0,2038942,2223664
526,Robert Covington,Forward,31.0,71.0,42.0,27.3,-1.6,1.7,108.0,110.0,12975471,14151017
527,Torrey Craig,Forward,31.0,78.0,16.0,20.5,-1.7,-0.1,110.0,113.0,4878049,5319988
528,Jae Crowder,Forward,31.0,67.0,67.0,28.1,-1.3,2.4,109.0,105.0,9720900,10601590
529,Jarrett Culver,Guard,22.0,37.0,0.0,9.1,-5.7,0.3,93.0,109.0,6395160,6974546
530,Cade Cunningham,Guard,20.0,64.0,64.0,32.6,-1.1,-0.5,96.0,113.0,10050120,10960636
531,Seth Curry,Guard,31.0,64.0,64.0,33.4,0.3,-0.9,115.0,115.0,8207518,8951099
532,Stephen Curry,Guard,33.0,64.0,64.0,34.5,5.4,0.4,115.0,108.0,45780966,49928610
533,Anthony Davis,Center,28.0,40.0,40.0,35.1,2.6,1.2,115.0,109.0,35361360,38565013
534,Ed Davis,Center,32.0,31.0,3.0,6.5,-4.2,2.5,126.0,106.0,2641691,2881021
535,Terence Davis,Guard,24.0,30.0,11.0,17.9,-0.6,-0.4,103.0,113.0,4000000,4362390
536,Dewayne Dedmon,Center,32.0,67.0,15.0,15.9,-2.2,1.1,117.0,105.0,5256308,5732516
537,DeMar DeRozan,Forward,32.0,76.0,76.0,36.1,3.4,-0.9,117.0,115.0,26000000,28355537
538,Hamidou Diallo,Guard,23.0,58.0,29.0,21.9,-1.2,0.7,107.0,111.0,5200000,5671107
539,Gorgui Dieng,Center,32.0,44.0,3.0,8.4,1.4,0.8,123.0,111.0,4000000,4362390
540,Spencer Dinwiddie,Guard,28.0,67.0,51.0,29.6,0.8,-0.4,114.0,115.0,19314284,21064111
541,Donte DiVincenzo,Guard,25.0,42.0,1.0,24.0,-1.8,-0.5,102.0,113.0,4675830,5099448
542,Luka Doncic,Guard,22.0,65.0,65.0,35.4,6.4,1.8,110.0,107.0,10174391,11096166
543,Luguentz Dort,Guard,22.0,51.0,51.0,32.6,-1.5,-0.7,104.0,115.0,1782621,1944122
544,Ayo Dosunmu,Guard,22.0,77.0,40.0,27.4,-1.9,-0.1,113.0,115.0,925258,1009084
545,Goran Dragic,Guard,35.0,21.0,8.0,23.7,-2.8,-0.5,102.0,114.0,19348907,21101870
546,Andre Drummond,Center,28.0,73.0,36.0,19.7,-0.1,1.4,114.0,102.0,2401537,2619110
547,Chris Duarte,Guard,24.0,55.0,39.0,28.0,-1.2,-1.1,104.0,117.0,3749400,4089086
548,David Duke,Guard,22.0,22.0,7.0,15.5,-3.0,-0.9,104.0,113.0,462629,504542
549,Kevin Durant,Forward,33.0,55.0,55.0,37.2,6.4,0.7,121.0,112.0,42018900,45825710
550,Anthony Edwards,Guard,20.0,72.0,72.0,34.3,1.6,-0.4,108.0,112.0,10245480,11173695
551,Kessler Edwards,Forward,21.0,48.0,23.0,20.6,-3.1,-0.8,100.0,113.0,463211,505176
552,CJ Elleby,Forward,21.0,58.0,28.0,20.2,-3.8,-1.5,102.0,117.0,1517981,1655506
553,Wayne Ellington,Guard,34.0,43.0,9.0,18.8,-0.7,-0.6,113.0,116.0,2641691,2881021
554,Joel Embiid,Center,27.0,68.0,68.0,33.8,7.2,2.0,119.0,105.0,31579390,34440406
555,Drew Eubanks,Center,24.0,71.0,31.0,17.5,-0.5,-0.9,120.0,113.0,2239820,2442742
556,Derrick Favors,Center,30.0,39.0,18.0,16.7,-2.3,0.3,118.0,112.0,9720900,10601590
557,Bruno Fernando,Center,23.0,30.0,0.0,5.1,-0.4,0.2,116.0,110.0,1782621,1944122
558,Dorian Finney-Smith,Forward,28.0,80.0,80.0,33.1,0.1,0.7,119.0,110.0,4000000,4362390
559,Malachi Flynn,Guard,23.0,44.0,5.0,12.2,-1.8,0.4,113.0,112.0,2048040,2233587
560,Bryn Forbes,Guard,28.0,75.0,2.0,17.1,-0.7,-2.2,109.0,117.0,4500000,4907689
561,Trent Forrest,Guard,23.0,60.0,6.0,12.8,-2.3,1.2,111.0,112.0,463211,505176
562,Evan Fournier,Guard,29.0,80.0,80.0,29.5,-0.4,-0.3,109.0,113.0,17142857,18695958
563,De'Aaron Fox,Guard,24.0,59.0,59.0,35.3,0.6,-1.2,107.0,117.0,28103500,30649609
564,Wenyen Gabriel,Forward,24.0,26.0,5.0,13.8,-3.7,-2.1,113.0,113.0,522015,569306
565,Daniel Gafford,Center,23.0,72.0,53.0,20.1,1.1,0.5,134.0,111.0,1782621,1944122
566,Danilo Gallinari,Forward,33.0,66.0,18.0,25.3,1.0,-1.2,120.0,117.0,20475000,22329985
567,Darius Garland,Guard,22.0,68.0,68.0,35.7,3.4,-0.8,112.0,112.0,7040880,7678766
568,Usman Garuba,Forward,19.0,24.0,2.0,10.0,-1.8,0.9,119.0,111.0,2353320,2566525
569,Luka Garza,Center,23.0,32.0,5.0,12.2,-0.5,-2.0,114.0,116.0,925258,1009084
570,Rudy Gay,Forward,35.0,55.0,1.0,18.9,-0.7,-0.3,110.0,110.0,5890000,6423619
571,Paul George,Forward,31.0,31.0,31.0,34.7,1.8,1.9,100.0,106.0,39344970,42909529
572,Taj Gibson,Center,36.0,52.0,4.0,18.2,-3.0,1.0,127.0,110.0,4910000,5354834
573,Josh Giddey,Forward,19.0,54.0,54.0,31.5,-1.2,0.3,97.0,112.0,5988000,6530498
574,Shai Gilgeous-Alexander,Guard,23.0,56.0,56.0,34.7,2.9,0.5,111.0,113.0,5495532,5993413
575,Anthony Gill,Forward,29.0,44.0,0.0,10.5,-0.6,-1.3,132.0,117.0,1517981,1655506
576,Rudy Gobert,Center,29.0,66.0,66.0,32.1,2.9,1.7,137.0,103.0,35344828,38546983
577,Brandon Goodwin,Guard,26.0,36.0,5.0,13.9,-2.6,1.1,104.0,110.0,343988,375152
578,Aaron Gordon,Forward,26.0,75.0,75.0,31.7,0.5,-1.1,115.0,114.0,16409091,17895714
579,Eric Gordon,Guard,33.0,57.0,46.0,29.3,-0.1,-2.2,111.0,121.0,18218818,19869398
580,Devonte Graham,Guard,26.0,76.0,63.0,28.4,0.2,-1.2,109.0,116.0,11000000,11996573
581,Jerami Grant,Forward,27.0,47.0,47.0,31.9,1.4,-0.2,109.0,114.0,20002500,21814678
582,Danny Green,Forward,34.0,62.0,28.0,21.8,-1.4,0.8,106.0,111.0,10000000,10905975
583,Draymond Green,Forward,31.0,46.0,44.0,28.9,-1.4,4.6,109.0,103.0,24026712,26203473
584,Jalen Green,Guard,19.0,67.0,67.0,31.9,-0.5,-2.4,105.0,120.0,8992080,9806740
585,JaMychal Green,Forward,31.0,67.0,8.0,16.2,-2.0,0.1,114.0,109.0,8200000,8942900
586,Javonte Green,Forward,28.0,65.0,45.0,23.4,-0.6,0.7,131.0,112.0,1669178,1820401
587,Jeff Green,Forward,35.0,75.0,63.0,24.7,-1.2,-1.3,119.0,115.0,4500000,4907689
588,Josh Green,Guard,21.0,67.0,3.0,15.5,-2.4,1.4,114.0,109.0,2957520,3225464
589,Blake Griffin,Center,32.0,56.0,24.0,17.1,-0.6,0.1,115.0,113.0,32405817,35341704
590,Quentin Grimes,Guard,21.0,46.0,6.0,17.1,-1.2,0.9,111.0,111.0,2168640,2365113
591,Rui Hachimura,Forward,23.0,42.0,13.0,22.5,0.2,-1.7,111.0,116.0,4916160,5361552
592,Tyrese Haliburton,Guard,21.0,77.0,77.0,35.0,2.7,-0.1,119.0,115.0,4023600,4388128
593,RJ Hampton,Guard,20.0,64.0,14.0,21.9,-4.0,-0.1,94.0,114.0,2303040,2511689
594,Tim Hardaway Jr,Guard,29.0,42.0,20.0,29.6,-0.4,0.2,107.0,111.0,21306816,23237161
595,James Harden,Guard,32.0,65.0,65.0,37.2,3.7,0.3,115.0,111.0,44310840,48325294
596,Montrezl Harrell,Center,28.0,71.0,3.0,23.1,3.7,0.1,134.0,114.0,9720900,10601590
597,Gary Harris,Guard,27.0,61.0,30.0,28.4,-2.0,-0.4,110.0,116.0,20932143,22828544
598,Tobias Harris,Forward,29.0,73.0,73.0,34.8,0.6,-0.6,113.0,112.0,35995950,39257095
599,Josh Hart,Guard,26.0,54.0,53.0,33.2,0.5,0.5,117.0,113.0,12000000,13087170
600,Isaiah Hartenstein,Center,23.0,68.0,0.0,17.9,1.4,3.1,127.0,106.0,1729217,1885879
601,Sam Hauser,Forward,24.0,26.0,0.0,6.1,2.7,-0.3,133.0,110.0,619498,675623
602,Jaxson Hayes,Center,21.0,70.0,28.0,20.0,0.6,-0.3,132.0,113.0,5348280,5832821
603,Killian Hayes,Guard,20.0,66.0,40.0,25.0,-4.3,0.8,97.0,113.0,5572680,6077551
604,Gordon Hayward,Forward,31.0,49.0,48.0,31.9,0.1,-0.8,113.0,116.0,29925000,32636132
605,Willy Hernangomez,Center,27.0,50.0,8.0,16.8,1.8,-1.5,122.0,111.0,2327220,2538060
606,Tyler Herro,Guard,22.0,66.0,10.0,32.6,1.6,-0.9,107.0,111.0,4004280,4367058
607,Buddy Hield,Guard,29.0,81.0,32.0,30.9,0.5,-1.7,105.0,117.0,23073234,25163613
608,George Hill,Guard,35.0,54.0,17.0,23.2,-2.2,0.6,117.0,114.0,5275491,5753437
609,Aaron Holiday,Guard,25.0,63.0,15.0,16.2,-1.9,0.3,108.0,113.0,3980551,4341179
610,Jrue Holiday,Guard,31.0,67.0,64.0,32.9,2.9,0.3,117.0,112.0,31171333,33995380
611,Justin Holiday,Forward,32.0,74.0,65.0,27.8,-1.4,-0.8,107.0,118.0,6006420,6550587
612,Richaun Holmes,Center,28.0,45.0,37.0,23.9,-0.4,-0.1,127.0,114.0,10384500,11325310
613,Rodney Hood,Forward,29.0,52.0,0.0,13.6,-3.0,-0.3,108.0,115.0,2239544,2442441
614,Al Horford,Center,35.0,69.0,69.0,29.1,1.4,2.9,124.0,104.0,27000000,29446134
615,Talen Horton-Tucker,Guard,21.0,60.0,19.0,25.2,-3.2,-0.2,102.0,114.0,9500000,10360677
616,Danuel House,Forward,28.0,42.0,7.0,17.3,-1.3,0.2,108.0,113.0,4997424,5450176
617,Dwight Howard,Center,36.0,60.0,27.0,16.2,-0.2,0.0,128.0,109.0,2641691,2881021
618,Markus Howard,Guard,22.0,31.0,0.0,5.7,0.8,-2.0,108.0,113.0,462629,504542
619,Kevin Huerter,Forward,23.0,74.0,60.0,29.6,-0.5,-0.7,112.0,117.0,4253357,4638700
620,Elijah Hughes,Forward,23.0,36.0,4.0,12.1,-5.2,-1.7,87.0,116.0,1517981,1655506
621,De'Andre Hunter,Forward,24.0,53.0,52.0,29.8,-2.4,-1.5,106.0,117.0,7775400,8479832
622,Bones Hyland,Guard,21.0,69.0,4.0,19.0,0.3,-0.7,109.0,112.0,2096880,2286852
623,Serge Ibaka,Center,32.0,54.0,12.0,16.2,-1.3,-0.2,112.0,110.0,9720900,10601590
624,Andre Iguodala,Forward,38.0,31.0,0.0,19.5,-0.9,3.7,114.0,106.0,2641691,2881021
625,Joe Ingles,Forward,34.0,45.0,15.0,24.9,-0.7,0.5,117.0,114.0,13036364,14217427
626,Brandon Ingram,Forward,24.0,55.0,55.0,34.0,2.6,-0.6,111.0,115.0,29467800,32137511
627,Kyrie Irving,Guard,29.0,29.0,29.0,37.6,4.2,-1.2,117.0,114.0,35328700,38529394
628,Frank Jackson,Guard,23.0,53.0,7.0,22.0,-1.8,-1.7,106.0,118.0,3000000,3271792
629,Isaiah Jackson,Forward,20.0,36.0,15.0,15.0,-1.6,0.1,113.0,109.0,2451240,2673316
630,Jaren Jackson Jr,Forward,22.0,78.0,78.0,27.3,-0.9,0.8,109.0,106.0,9180560,10012296
631,Josh Jackson,Forward,24.0,51.0,3.0,16.3,-4.1,-0.4,95.0,114.0,5005350,5458822
632,Reggie Jackson,Guard,31.0,75.0,75.0,31.2,-1.4,-1.6,99.0,113.0,10384500,11325310
633,LeBron James,Forward,37.0,56.0,56.0,37.2,6.9,0.8,117.0,111.0,41180544,44911401
634,Ty Jerome,Guard,24.0,48.0,4.0,16.7,-2.2,-0.2,103.0,115.0,2412840,2631437
635,Isaiah Joe,Guard,22.0,55.0,1.0,11.1,-3.1,-1.5,103.0,115.0,1517981,1655506
636,Alize Johnson,Forward,25.0,23.0,0.0,7.3,-3.6,-1.8,103.0,113.0,1003740,1094675
637,Cameron Johnson,Forward,25.0,66.0,16.0,26.2,2.0,0.7,123.0,109.0,4437000,4838981
638,Jalen Johnson,Forward,20.0,22.0,0.0,5.5,-3.9,-1.1,98.0,114.0,2659680,2900640
639,James Johnson,Forward,34.0,62.0,10.0,19.2,-2.7,0.6,109.0,113.0,2641691,2881021
640,Keldon Johnson,Forward,22.0,75.0,74.0,31.9,0.7,-1.2,114.0,114.0,2145720,2340117
641,Keon Johnson,Guard,19.0,37.0,12.0,18.8,-4.0,-2.0,94.0,116.0,2553240,2784557
642,Stanley Johnson,Forward,25.0,48.0,27.0,22.8,-2.8,0.1,114.0,114.0,1368998,1493025
643,Nikola Jokic,Center,26.0,74.0,74.0,33.5,9.2,4.5,126.0,105.0,31044906,33857499
644,Damian Jones,Center,26.0,56.0,15.0,18.2,-0.2,0.5,128.0,113.0,1977011,2156123
645,Derrick Jones,Forward,24.0,51.0,8.0,17.6,-1.5,0.5,124.0,113.0,9720900,10601590
646,Kai Jones,Center,21.0,21.0,0.0,3.0,-5.2,-1.4,98.0,116.0,2770560,3021566
647,Tre Jones,Guard,22.0,69.0,11.0,16.6,-0.9,0.4,120.0,114.0,1517981,1655506
648,Tyus Jones,Guard,25.0,73.0,23.0,21.2,1.2,0.5,125.0,112.0,8376286,9135157
649,DeAndre Jordan,Center,33.0,48.0,20.0,13.0,-1.5,0.1,120.0,107.0,11109327,12115804
650,Cory Joseph,Guard,30.0,65.0,39.0,24.6,-2.0,-0.1,115.0,116.0,7310000,7972268
651,Luke Kennard,Guard,25.0,70.0,13.0,27.4,0.8,-0.3,119.0,113.0,13347727,14556998
652,Corey Kispert,Forward,22.0,77.0,36.0,23.4,-0.8,-1.5,114.0,118.0,3383640,3690189
653,Maxi Kleber,Forward,30.0,59.0,21.0,24.6,-1.6,1.2,109.0,107.0,8750000,9542728
654,Nathan Knight,Forward,24.0,37.0,2.0,7.2,-0.7,0.1,122.0,111.0,462629,504542
655,Kevin Knox,Forward,22.0,30.0,0.0,7.4,-1.9,-2.2,106.0,115.0,5845978,6375609
656,John Konchar,Guard,25.0,72.0,7.0,17.9,0.2,1.3,133.0,109.0,2200000,2399314
657,Furkan Korkmaz,Guard,24.0,67.0,19.0,21.1,-2.0,-1.1,104.0,114.0,4629630,5049063
658,Vit Krejci,Guard,21.0,30.0,8.0,23.0,-4.3,-1.0,105.0,115.0,925258,1009084
659,Jonathan Kuminga,Forward,19.0,70.0,12.0,16.9,-1.3,-0.2,112.0,108.0,5466360,5961598
660,Kyle Kuzma,Forward,26.0,66.0,66.0,33.4,0.2,-0.4,103.0,113.0,13000000,14177768
661,Jeremy Lamb,Forward,29.0,56.0,0.0,16.7,-0.4,-0.5,109.0,116.0,10500000,11451274
662,Jock Landale,Center,26.0,54.0,1.0,10.9,0.7,-1.1,119.0,114.0,925258,1009084
663,Romeo Langford,Guard,22.0,48.0,5.0,16.1,-2.3,1.0,108.0,109.0,3804360,4149025
664,Zach LaVine,Guard,26.0,67.0,67.0,34.7,3.9,-1.5,115.0,116.0,19500000,21266652
665,Jake Layman,Forward,27.0,34.0,1.0,6.8,-3.3,-0.6,99.0,113.0,3940184,4297155
666,Damion Lee,Guard,29.0,63.0,5.0,19.9,-2.4,0.4,111.0,109.0,1910860,2083979
667,Saben Lee,Guard,22.0,37.0,0.0,16.3,-1.9,1.5,107.0,112.0,1489065,1623970
668,Alex Len,Center,28.0,39.0,10.0,15.9,-3.2,0.3,109.0,114.0,3732000,4070110
669,Caris LeVert,Guard,27.0,58.0,49.0,30.7,0.0,-1.2,108.0,116.0,17500000,19085457
670,Kira Lewis,Guard,20.0,24.0,0.0,14.2,-2.8,-1.2,96.0,116.0,3822240,4168525
671,Damian Lillard,Guard,31.0,29.0,29.0,36.4,4.0,-2.7,112.0,120.0,39344900,42909452
672,Nassir Little,Forward,21.0,42.0,23.0,25.9,-0.9,-0.6,115.0,116.0,2316240,2526085
673,Kevon Looney,Center,25.0,82.0,80.0,21.1,-0.9,1.7,128.0,105.0,5178572,5647738
674,Robin Lopez,Center,33.0,36.0,9.0,17.0,-2.4,-1.4,110.0,116.0,5000000,5452987
675,Kevin Love,Center,33.0,74.0,4.0,22.5,4.4,0.1,117.0,108.0,31258256,34090178
676,Kyle Lowry,Guard,35.0,63.0,63.0,33.9,1.1,0.8,118.0,110.0,26984128,29428824
677,Timothe Luwawu,Forward,26.0,52.0,18.0,13.2,-2.3,-1.0,113.0,117.0,1939350,2115050
678,Trey Lyles,Forward,26.0,75.0,23.0,20.5,0.5,-0.8,116.0,114.0,2500000,2726493
679,Theo Maledon,Guard,20.0,51.0,7.0,17.8,-3.7,-0.7,99.0,114.0,2000000,2181195
680,Sandro Mamukelashvili,Forward,22.0,41.0,3.0,9.9,0.6,-1.0,126.0,114.0,462629,504542
681,Terance Mann,Forward,25.0,81.0,33.0,28.6,-0.8,0.2,117.0,112.0,1782621,1944122
682,Tre Mann,Guard,20.0,60.0,26.0,22.8,-3.3,-1.1,97.0,114.0,2901240,3164085
683,Boban Marjanovic,Center,33.0,23.0,0.0,5.6,-3.2,-1.2,101.0,109.0,3500000,3817091
684,Lauri Markkanen,Forward,24.0,61.0,61.0,30.8,0.4,-0.1,117.0,110.0,15690909,17112467
685,Naji Marshall,Forward,24.0,55.0,4.0,13.4,-2.7,-0.5,103.0,112.0,1517981,1655506
686,Caleb Martin,Forward,26.0,60.0,12.0,22.9,0.1,0.9,119.0,108.0,844011,920476
687,Cody Martin,Forward,26.0,71.0,11.0,26.3,-1.2,0.7,120.0,114.0,1782621,1944122
688,Kelan Martin,Forward,26.0,30.0,1.0,15.0,-2.6,-1.0,100.0,118.0,993760,1083792
689,KJ Martin,Forward,21.0,79.0,2.0,21.0,0.0,-1.2,118.0,118.0,1517981,1655506
690,Garrison Mathews,Guard,25.0,65.0,33.0,26.3,-1.3,-1.0,120.0,118.0,2000000,2181195
691,Wesley Matthews,Guard,35.0,49.0,14.0,20.4,-3.0,-0.3,113.0,116.0,1958495,2135929
692,Tyrese Maxey,Guard,21.0,75.0,74.0,35.3,1.3,-0.7,121.0,115.0,2602920,2838738
693,Skylar Mays,Guard,24.0,28.0,5.0,7.9,-1.2,-0.8,113.0,117.0,510907,557193
694,Miles McBride,Guard,21.0,40.0,2.0,9.3,-5.5,1.0,98.0,112.0,925258,1009084
695,CJ McCollum,Guard,30.0,62.0,62.0,34.6,3.2,-1.3,111.0,117.0,30864198,33660419
696,TJ McConnell,Guard,29.0,27.0,8.0,24.1,-0.4,1.4,117.0,116.0,7500000,8179481
697,Jaden McDaniels,Forward,21.0,70.0,31.0,25.8,-2.9,-0.1,108.0,113.0,2063280,2250208
698,Jalen McDaniels,Forward,24.0,55.0,2.0,16.3,-1.9,-0.4,116.0,114.0,1782621,1944122
699,Doug McDermott,Forward,30.0,51.0,51.0,24.0,-0.4,-2.1,112.0,118.0,13750000,14995716
700,JaVale McGee,Center,34.0,74.0,17.0,15.8,-0.1,0.9,118.0,102.0,5000000,5452987
701,Rodney McGruder,Guard,30.0,51.0,2.0,14.8,-0.7,-0.7,115.0,116.0,1939350,2115050
702,Jordan McLaughlin,Guard,25.0,62.0,3.0,14.5,-1.2,1.6,122.0,112.0,2000000,2181195
703,Ben McLemore,Guard,28.0,64.0,6.0,20.1,-0.7,-2.5,108.0,120.0,2389641,2606136
704,De'Anthony Melton,Guard,23.0,73.0,15.0,22.7,0.3,1.6,108.0,107.0,8805976,9603776
705,Chimezie Metu,Center,24.0,60.0,20.0,21.3,-1.6,0.1,104.0,111.0,1762796,1922501
706,Khris Middleton,Forward,30.0,66.0,66.0,32.4,1.9,-0.3,112.0,112.0,35500000,38716214
707,Paul Millsap,Center,36.0,33.0,1.0,11.4,-3.7,0.2,103.0,110.0,2641691,2881021
708,Shake Milton,Guard,25.0,55.0,6.0,21.4,-1.6,-0.6,109.0,114.0,1846738,2014047
709,Davion Mitchell,Guard,23.0,75.0,19.0,27.7,-2.1,-1.7,101.0,118.0,4603200,5020238
710,Donovan Mitchell,Guard,25.0,67.0,67.0,33.8,4.6,-0.3,114.0,111.0,28103500,30649609
711,Evan Mobley,Forward,20.0,69.0,69.0,33.8,-0.9,1.5,109.0,107.0,8075160,8806749
712,Malik Monk,Guard,23.0,76.0,37.0,28.1,0.5,-1.0,112.0,115.0,1789256,1951358
713,Moses Moody,Guard,19.0,52.0,11.0,11.7,-1.4,-1.1,115.0,111.0,3562200,3884926
714,Ja Morant,Guard,22.0,57.0,57.0,33.1,6.2,-0.1,116.0,111.0,9603360,10473401
715,Marcus Morris,Forward,32.0,54.0,54.0,29.0,-0.3,-1.0,108.0,112.0,15627907,17043757
716,Monte Morris,Guard,26.0,75.0,74.0,29.9,0.8,-0.8,120.0,115.0,8449074,9214539
717,Trey Murphy,Forward,21.0,62.0,1.0,13.9,0.2,-1.4,120.0,115.0,3053760,3330423
718,Dejounte Murray,Guard,25.0,68.0,68.0,34.8,3.7,1.7,113.0,108.0,15428880,16826699
719,Mike Muscala,Center,30.0,43.0,0.0,13.8,3.8,1.2,124.0,110.0,3500000,3817091
720,Aaron Nesmith,Forward,22.0,52.0,3.0,11.0,-4.9,0.7,95.0,108.0,3631200,3960177
721,Raul Neto,Guard,29.0,70.0,19.0,19.6,-2.5,-0.5,108.0,116.0,2089448,2278746
722,Georges Niang,Forward,28.0,76.0,7.0,22.8,-0.8,-1.1,113.0,115.0,3300000,3598972
723,Daishen Nix,Guard,19.0,24.0,0.0,10.9,-5.4,-1.0,92.0,116.0,923078,1006706
724,Zeke Nnaji,Forward,21.0,41.0,1.0,17.0,-0.7,-1.6,123.0,113.0,2498760,2725141
725,Nerlens Noel,Center,27.0,25.0,11.0,22.5,-3.1,3.3,119.0,105.0,8800000,9597258
726,Jaylen Nowell,Guard,22.0,62.0,1.0,15.7,1.5,-0.7,121.0,115.0,1782621,1944122
727,Frank Ntilikina,Guard,23.0,58.0,5.0,11.8,-2.8,0.9,104.0,110.0,1789256,1951358
728,Jusuf Nurkic,Center,27.0,56.0,56.0,28.2,0.1,0.2,112.0,112.0,12000000,13087170
729,David Nwaba,Forward,29.0,46.0,4.0,13.2,-0.6,0.0,117.0,113.0,4650000,5071278
730,Jordan Nwora,Forward,23.0,62.0,13.0,19.1,-2.7,-1.5,100.0,113.0,1517981,1655506
731,Royce O'Neale,Forward,28.0,77.0,77.0,31.2,-0.8,1.7,122.0,111.0,8800000,9597258
732,Semi Ojeleye,Forward,27.0,30.0,0.0,13.5,-4.1,-1.6,101.0,114.0,1789256,1951358
733,Chuma Okeke,Forward,23.0,70.0,20.0,25.0,-1.6,1.5,101.0,109.0,3277080,3573975
734,Josh Okogie,Guard,23.0,49.0,6.0,10.5,-3.7,0.9,107.0,112.0,4087904,4458258
735,Onyeka Okongwu,Center,21.0,48.0,6.0,20.7,0.0,0.8,138.0,111.0,6104280,6657312
736,Isaac Okoro,Forward,21.0,67.0,61.0,29.6,-2.4,0.7,120.0,113.0,6720720,7329600
737,KZ Okpala,Forward,22.0,21.0,0.0,11.6,-3.2,0.4,113.0,110.0,1782621,1944122
738,Kelly Olynyk,Center,30.0,40.0,1.0,19.1,0.5,1.0,112.0,112.0,12195122,13299970
739,Cedi Osman,Forward,26.0,66.0,3.0,22.2,-0.3,0.5,111.0,112.0,8133334,8870194
740,Kelly Oubre,Forward,26.0,76.0,13.0,26.3,0.2,-1.6,111.0,115.0,12000000,13087170
741,Kevin Pangos,Guard,29.0,24.0,3.0,6.9,-4.7,-1.4,99.0,115.0,1569178,1711341
742,Eric Paschall,Forward,25.0,58.0,3.0,12.7,0.5,-1.0,123.0,115.0,1782621,1944122
743,Chris Paul,Guard,36.0,65.0,65.0,32.9,3.1,2.3,124.0,107.0,30800000,33590405
744,Cameron Payne,Guard,27.0,58.0,12.0,22.0,-0.4,0.4,104.0,109.0,6500000,7088884
745,Elfrid Payton,Guard,27.0,50.0,1.0,11.0,-4.6,1.2,87.0,108.0,2239544,2442441
746,Gary Payton II,Guard,29.0,71.0,16.0,17.6,0.3,3.4,129.0,103.0,1669178,1820401
747,Mason Plumlee,Center,31.0,73.0,73.0,24.6,-1.5,1.5,122.0,111.0,9248333,10086209
748,Jakob Poeltl,Center,26.0,68.0,67.0,29.0,0.9,0.7,123.0,110.0,8750000,9542728
749,Aleksej Pokusevski,Forward,20.0,61.0,12.0,20.2,-2.7,0.1,96.0,111.0,3113160,3395204
750,Jordan Poole,Guard,22.0,76.0,51.0,30.0,1.3,-0.3,112.0,110.0,2161440,2357261
751,Kevin Porter,Guard,21.0,61.0,61.0,31.3,-0.1,-1.6,103.0,117.0,1782621,1944122
752,Otto Porter,Forward,28.0,63.0,15.0,22.2,1.0,2.1,121.0,104.0,2389641,2606136
753,Bobby Portis,Center,26.0,72.0,59.0,28.2,1.2,-1.0,115.0,110.0,4347600,4741482
754,Kristaps Porzingis,Forward,26.0,51.0,51.0,29.0,3.3,0.6,116.0,107.0,31650600,34518067
755,Dwight Powell,Center,30.0,82.0,71.0,21.9,0.4,0.5,142.0,110.0,11080125,12083957
756,Norman Powell,Forward,28.0,45.0,41.0,32.4,1.2,-1.5,116.0,119.0,15517242,16923066
757,Taurean Prince,Forward,27.0,69.0,8.0,17.1,-1.0,0.0,112.0,112.0,13334375,14542437
758,Payton Pritchard,Guard,24.0,71.0,2.0,14.1,1.7,0.1,120.0,110.0,2137440,2331086
759,Immanuel Quickley,Guard,22.0,78.0,3.0,23.1,0.2,0.0,114.0,112.0,2210640,2410918
760,Julius Randle,Forward,27.0,72.0,72.0,35.3,0.4,0.2,102.0,109.0,19800000,21593832
761,Austin Reaves,Guard,23.0,61.0,19.0,23.2,-1.3,-0.6,123.0,116.0,925258,1009084
762,Cam Reddish,Forward,22.0,49.0,7.0,20.7,-1.0,-0.3,105.0,114.0,4670160,5093265
763,Davon Reed,Guard,26.0,48.0,5.0,13.9,-0.6,0.3,123.0,112.0,532398,580631
764,Paul Reed,Center,22.0,38.0,2.0,7.9,-0.8,2.9,122.0,100.0,1517981,1655506
765,Naz Reid,Center,22.0,77.0,6.0,15.8,-0.5,0.5,113.0,109.0,1782621,1944122
766,Nick Richards,Center,24.0,50.0,5.0,7.3,-2.6,-0.2,122.0,113.0,1517981,1655506
767,Josh Richardson,Guard,28.0,65.0,7.0,24.6,-0.6,0.7,113.0,110.0,11615328,12667648
768,Austin Rivers,Guard,29.0,67.0,18.0,22.1,-3.5,-0.3,104.0,115.0,2401537,2619110
769,Duncan Robinson,Guard,27.0,79.0,68.0,25.9,-0.3,-0.3,113.0,112.0,15650000,17067852
770,Justin Robinson,Guard,24.0,25.0,0.0,12.2,-6.4,-1.3,85.0,116.0,265953,290047
771,Mitchell Robinson,Center,23.0,72.0,62.0,25.7,1.0,1.2,143.0,106.0,1802057,1965319
772,Jeremiah Robinson-Earl,Center,21.0,49.0,36.0,22.2,-1.9,-0.4,108.0,113.0,2000000,2181195
773,Isaiah Roby,Forward,23.0,45.0,28.0,21.1,0.4,0.2,120.0,111.0,1782621,1944122
774,Rajon Rondo,Guard,35.0,39.0,1.0,17.9,-2.4,0.7,101.0,111.0,7500000,8179481
775,Derrick Rose,Guard,33.0,26.0,4.0,24.5,2.3,0.0,112.0,112.0,13445120,14663215
776,Terrence Ross,Guard,30.0,63.0,0.0,23.0,-2.5,-1.1,100.0,116.0,12500000,13632469
777,Terry Rozier,Guard,27.0,73.0,73.0,33.7,2.4,-0.7,117.0,115.0,17905263,19527436
778,Ricky Rubio,Guard,31.0,34.0,8.0,28.5,-1.0,1.2,102.0,108.0,17800000,19412636
779,D'Angelo Russell,Guard,25.0,65.0,65.0,32.0,2.2,-1.5,112.0,115.0,30013500,32732650
780,Domantas Sabonis,Center,25.0,62.0,61.0,34.5,3.2,0.9,121.0,113.0,18500000,20176055
781,Olivier Sarr,Center,22.0,22.0,2.0,19.1,-2.7,-1.3,123.0,114.0,223339,243572
782,Admiral Schofield,Forward,24.0,38.0,1.0,12.3,-4.2,-1.2,102.0,115.0,723741,789309
783,Landry Shamet,Guard,24.0,69.0,14.0,20.8,-0.9,-0.4,111.0,112.0,3768342,4109744
784,Day'Ron Sharpe,Forward,20.0,32.0,8.0,12.2,-0.3,-2.5,118.0,111.0,2009160,2191185
785,Pascal Siakam,Forward,27.0,68.0,68.0,37.9,2.7,0.8,116.0,110.0,33003936,35994012
786,Anfernee Simons,Guard,22.0,57.0,30.0,29.5,1.9,-2.7,112.0,121.0,3938818,4295665
787,Jericho Sims,Forward,23.0,41.0,5.0,13.5,-2.8,1.1,129.0,109.0,462629,504542
788,Marcus Smart,Guard,27.0,71.0,71.0,32.3,-1.2,1.7,110.0,107.0,13839285,15093090
789,Dennis Smith,Guard,24.0,37.0,4.0,17.2,-2.8,1.2,101.0,114.0,1789256,1951358
790,Jalen Smith,Forward,21.0,51.0,8.0,18.1,0.9,-1.4,119.0,111.0,4458000,4861884
791,Tony Snell,Guard,30.0,53.0,12.0,15.5,-3.4,-0.8,106.0,119.0,2389641,2606136
792,Lance Stephenson,Guard,31.0,46.0,1.0,17.7,-1.6,-1.6,107.0,117.0,1614825,1761124
793,Lamar Stevens,Forward,24.0,63.0,13.0,16.1,-3.2,0.3,107.0,110.0,1517981,1655506
794,Isaiah Stewart,Center,20.0,71.0,71.0,25.6,-2.5,-0.8,113.0,112.0,3277080,3573975
795,Max Strus,Forward,25.0,68.0,16.0,23.3,1.4,-0.4,116.0,112.0,1669178,1820401
796,Jalen Suggs,Guard,20.0,48.0,45.0,27.2,-5.3,-0.2,88.0,112.0,6592920,7190222
797,Keifer Sykes,Guard,28.0,32.0,11.0,17.7,-4.4,-2.5,94.0,120.0,558345,608929
798,Jae'Sean Tate,Forward,26.0,78.0,77.0,26.4,-1.3,-0.5,111.0,116.0,1517981,1655506
799,Jayson Tatum,Forward,23.0,76.0,76.0,35.9,4.3,0.6,113.0,106.0,28103500,30649609
800,Terry Taylor,Guard,22.0,33.0,7.0,21.6,2.2,-2.7,135.0,119.0,895125,976221
801,Garrett Temple,Guard,35.0,59.0,16.0,18.6,-2.8,0.3,101.0,113.0,4910000,5354834
802,Daniel Theis,Center,29.0,47.0,27.0,20.8,-1.9,-0.2,113.0,112.0,8280351,9030530
803,Cam Thomas,Guard,20.0,67.0,2.0,17.6,-2.0,-1.4,103.0,115.0,2036280,2220762
804,Isaiah Thomas,Guard,32.0,22.0,1.0,15.1,-1.9,-2.6,104.0,117.0,910926,993452
805,Matt Thomas,Guard,27.0,40.0,0.0,11.5,-1.2,-1.4,113.0,117.0,1669178,1820401
806,Klay Thompson,Guard,31.0,32.0,32.0,29.4,2.6,-1.6,107.0,110.0,37980720,41421681
807,Tristan Thompson,Forward,30.0,57.0,6.0,15.7,-1.6,-1.5,112.0,114.0,9946611,10847749
808,JT Thor,Forward,19.0,33.0,0.0,7.9,-3.1,0.1,108.0,114.0,1250000,1363246
809,Matisse Thybulle,Guard,24.0,66.0,50.0,25.5,-2.2,3.3,116.0,108.0,2840160,3097471
810,Killian Tillie,Center,23.0,36.0,3.0,12.8,-3.8,1.1,101.0,109.0,1901625,2073907
811,Xavier Tillman,Forward,23.0,53.0,2.0,13.2,-1.1,1.8,112.0,107.0,1517981,1655506
812,Obi Toppin,Forward,23.0,72.0,10.0,17.1,1.7,0.3,120.0,111.0,5105160,5567675
813,Juan Toscano-Anderson,Forward,28.0,73.0,6.0,13.6,-3.3,2.4,106.0,106.0,1701593,1855753
814,Karl-Anthony Towns,Center,26.0,74.0,74.0,33.5,4.5,0.5,121.0,110.0,31650600,34518067
815,Gary Trent Jr,Guard,23.0,70.0,69.0,35.0,-0.1,0.3,114.0,112.0,16225000,17694945
816,PJ Tucker,Forward,36.0,71.0,70.0,27.9,-0.8,1.4,120.0,110.0,7000000,7634183
817,Myles Turner,Center,25.0,42.0,42.0,29.4,0.1,1.4,117.0,111.0,18000000,19630756
818,Jonas Valanciunas,Center,29.0,74.0,74.0,30.3,2.0,-0.1,118.0,111.0,14000000,15268366
819,Denzel Valentine,Guard,28.0,24.0,0.0,9.3,-3.1,0.4,98.0,110.0,1005633,1096740
820,Jarred Vanderbilt,Forward,22.0,74.0,67.0,25.4,-0.8,1.0,127.0,108.0,4050000,4416920
821,Fred VanVleet,Guard,27.0,65.0,65.0,37.9,3.1,0.5,115.0,111.0,19675926,21458517
822,Devin Vassell,Forward,21.0,71.0,32.0,27.3,-0.5,0.0,109.0,112.0,4235160,4618855
823,Gabe Vincent,Guard,25.0,68.0,27.0,23.4,-1.9,0.5,107.0,111.0,1669178,1820401
824,Nikola Vucevic,Center,31.0,73.0,73.0,33.1,0.8,0.1,107.0,110.0,24000000,26174341
825,Dean Wade,Forward,25.0,51.0,28.0,19.2,-1.9,1.3,122.0,111.0,1782621,1944122
826,Franz Wagner,Forward,20.0,79.0,79.0,30.7,-0.4,-0.3,110.0,114.0,5007840,5461538
827,Moritz Wagner,Center,24.0,63.0,3.0,15.2,1.5,0.1,118.0,112.0,1729217,1885879
828,Kemba Walker,Guard,31.0,37.0,37.0,25.6,0.7,-0.2,112.0,113.0,34967442,38135407
829,Lonnie Walker,Guard,23.0,70.0,6.0,23.0,-1.2,-1.3,103.0,115.0,4447896,4850864
830,Brad Wanamaker,Guard,32.0,23.0,2.0,13.9,-5.3,-0.5,100.0,118.0,814918,888747
831,PJ Washington,Center,23.0,65.0,28.0,27.2,-0.2,0.2,114.0,113.0,4215120,4596999
832,Yuta Watanabe,Forward,27.0,38.0,4.0,11.7,-1.9,0.0,106.0,110.0,1762796,1922501
833,Lindy Waters III,Guard,24.0,25.0,1.0,18.6,-0.8,-0.8,110.0,112.0,159527,173979
834,Trendon Watford,Forward,21.0,48.0,10.0,18.1,-1.4,-0.4,118.0,116.0,768830,838484
835,Russell Westbrook,Guard,33.0,78.0,78.0,34.3,-0.7,-0.9,102.0,114.0,44211146,48216568
836,Coby White,Guard,21.0,61.0,17.0,27.5,-0.4,-1.7,111.0,117.0,5837760,6366646
837,Derrick White,Guard,27.0,75.0,52.0,29.3,0.4,0.6,114.0,112.0,15678571,17099011
838,Hassan Whiteside,Center,32.0,65.0,8.0,17.9,0.6,1.4,132.0,104.0,2401537,2619110
839,Joe Wieskamp,Guard,22.0,29.0,0.0,7.1,-2.9,-1.1,107.0,117.0,563663,614729
840,Aaron Wiggins,Guard,23.0,50.0,35.0,24.2,-3.4,-0.9,107.0,116.0,1305761,1424059
841,Andrew Wiggins,Forward,26.0,73.0,73.0,31.9,0.3,0.1,109.0,109.0,31579390,34440406
842,Brandon Williams,Guard,22.0,24.0,16.0,26.7,-2.6,-3.1,96.0,118.0,180798,197177
843,Grant Williams,Forward,23.0,77.0,21.0,24.4,-1.4,1.1,122.0,109.0,2617800,2854966
844,Kenrich Williams,Forward,27.0,49.0,0.0,21.9,-1.3,1.1,111.0,113.0,2000000,2181195
845,Robert Williams,Center,24.0,61.0,61.0,29.6,2.4,3.1,148.0,102.0,3661976,3993742
846,Ziaire Williams,Forward,20.0,62.0,31.0,21.7,-2.4,-0.6,113.0,114.0,4373040,4769226
847,Dylan Windler,Forward,25.0,50.0,0.0,9.2,-2.9,1.2,110.0,110.0,2239200,2442066
848,Justise Winslow,Forward,25.0,48.0,11.0,16.1,-2.7,1.0,100.0,109.0,3902439,4255990
849,Christian Wood,Center,26.0,68.0,67.0,30.8,2.1,-0.4,114.0,113.0,13666667,14904833
850,Delon Wright,Guard,29.0,77.0,8.0,18.9,-0.2,2.4,126.0,112.0,8526316,9298779
851,Thaddeus Young,Forward,33.0,52.0,1.0,16.3,0.1,2.1,113.0,108.0,14190000,15475579
852,Trae Young,Guard,23.0,76.0,76.0,34.9,7.1,-2.0,119.0,118.0,8326471,9080829
853,Omer Yurtseven,Center,23.0,56.0,12.0,12.6,-1.4,0.4,112.0,104.0,1489065,1623970
854,Cody Zeller,Center,29.0,27.0,0.0,13.1,-1.2,-1.0,127.0,116.0,2389641,2606136
855,Ivica Zubac,Center,24.0,76.0,76.0,24.4,-0.1,0.8,126.0,107.0,7518518,8199677
